,text
0,Относительная погрешность измерения времени не должна превышать +/- 10%.
1,Диаметр цилиндрической части контейнера - не менее 200 мм; в центре конического дна контейнера имеется отверстие диаметром (3 +/- 1) мм для вытекания жидкости; - мерный цилиндр ( 2 ) вместимостью не менее 200 см 3 с ценой деления не более 2 см 3.
2,"4.4.1 Маркировка устройства должна содержать следующие данные: - товарный знак или наименование предприятия-изготовителя; - наименование и обозначение устройства; - заводской номер; - дата изготовления; - рабочие давления и рабочие диапазоны устройства; - расход воды; - величина дозирования пенообразователя; - кратность формируемой пены; - масса устройства; - обозначение нормативного или технического документа, которому соответствует устройство (технические условия, стандарт и т.д.)."
3,"Скорость нарастания давления - не более 0,1 МПа/с."
4,4.5.1 Средний ресурс срабатываний устройства должен соответствовать требованиям ТД и составлять не менее 500 циклов включения.
5,4.5.2 Средний срок службы устройства до капитального ремонта должен соответствовать требованиям ТД и составлять не менее 10 лет.
6,5.3 В схеме управления устройством не должны быть применены электрические цепи с опасным напряжением.
7,"Скорость нарастания давления - не более 0,5 МПа/с."
8,"4.2.7 В устройстве должны быть предусмотрены: - предохранительное устройство, предотвращающее повышение давления сжатого воздуха (газа); - устройства для измерения давления воды, воздуха (газа) и пенообразователя на вводе; - фильтры; - устройства слива, при необходимости, жидкостей из всех полостей и трубопроводов."
9,4.4.2 Маркировка устройства должна быть четкой и сохраняться в течение всего срока службы.
10,"7.4.1 Прочность и плотность материала деталей, сварных швов и других соединений проверяют в рабочем положении (положении ""Пуск"") запорных органов устройства пробным гидравлическим давлением P пр , равным 1,5-кратному значению расчетного давления P , в течение не менее 5 мин."
11,Продолжительность выдержки - не менее 3 мин.
12,Необходимо непрерывно отслеживать частоту вибраций от 5 до 40 Гц при темпе не более 5 мин/октава и амплитуде колебаний 1 мм.
13,"Запись данных должна продолжаться не менее чем на 30 с дольше того момента, когда количество жидкости превысит 1/10 объема контейнера, или когда вся пена перейдет в жидкость, в зависимости от того, что наступит раньше."
14,"Допустимое расхождение между результатами наиболее отличающихся определений с доверительной вероятностью 0,95 должно быть не более 10% среднего значения."
15,"7.11.2.3 Определение кратности пены способом измерения объема выпадающего раствора Данный способ основан на прямом измерении объема раствора, собранного после перехода 100% пены в жидкую фазу, поэтому он является наиболее точным."
16,"Допустимое расхождение между результатами наиболее отличающихся определений с доверительной вероятностью 0,95 должно быть не более 10% среднего значения."
17,"7.11.3.5 На основании полученных данных строят график зависимости времени от объема выделившегося из пены раствора и определяют показатель устойчивости как время выделения из пены такого объема раствора, масса которого составляет заданный процент от массы пены (25% или 50%)."
18,"Допустимое расхождение между результатами наиболее отличающихся определений с доверительной вероятностью 0,95 должно быть не более 10% среднего значения."
19,"Допустимое расхождение между результатами наиболее отличающихся определений с доверительной вероятностью 0,95 должно быть не более 10% среднего значения."
20,Продолжительность выдержки - не менее 5 мин.
21,При обнаружении резонансных точек устройство необходимо подвергать воздействию вибрации на каждой резонансной частоте в течение 30 мин.
22,"Если расхождение между полученным значением и вычисленным по 7.10.2.3 отличается более чем на 5%, требуется повторить испытания по 7.10.2.2 для определения новой калибровочной кривой."
23,"Если резонансная частота не установлена, то устройство необходимо подвергать вибрациям на частоте от 5 до 40 Гц с амплитудой колебаний 1 мм в течение 1 ч."
24,"4.2.3 Параметры сигналов автоматического пуска должны соответствовать значениям, установленным изготовителем и указанным в ТД."
25,"Скорость нарастания давления не более 0,1 МПа/с."
26,Температура раствора должна составлять (21 +/- 2) °C.
27,"7.11.2 Определение кратности компрессионной пены Для определения кратности сбор пены по 7.11.1 осуществляют в контейнеры вместимостью (1,8 +/- 0,2) дм 3."
28,12.4.026 Система стандартов безопасности труда.
29,12.2.037 Система стандартов безопасности труда.
30,12.2.003 Система стандартов безопасности труда.
31,"3.1.6 устойчивость пены (drainage time): Показатель способности компрессионной пены сохранять первоначальные свойства, характеризуемый временем, по истечении которого из пены выделяется 25% и/или 50% раствора пенообразователя."
32,"Категории, условия эксплуатации, хранения и транспортирования в части воздействия климатических факторов внешней среды ГОСТ 18321 Статистический контроль качества."
33,"Нормы герметичности затворов ГОСТ 15150 Машины, приборы и другие технические изделия."
34,15.309 Система разработки и постановки продукции на производство.
35,12.4.124 Система стандартов безопасности труда.
36,"7.2 Визуальный контроль Все устройства, подлежащие испытаниям, предварительно осматривают на отсутствие очевидных дефектов."
37,7.11.3.6 За результат принимают среднеарифметическое значение времени выделения из пены заданного процента жидкой фазы (25% или 50%) для двух (или более) контейнеров.
38,"Интервалы записи данных можно увеличить до 30 с, если время выделения из пены 25% жидкой фазы превышает 5 мин."
39,"7.11.3.4 Каждые 15 с осуществляют измерения объема жидкости, образовавшегося в нижней части мерного цилиндра."
40,7.11.1.1 Сбор образцов пены осуществляют с помощью специального коллектора.
41,"7.12.4 В устройствах с комбинированным пуском проверяют срабатывание по 7.12.3 от всех видов пускового импульса, указанных в ТД на устройство."
42,"7.13.2 Воздействуют на пусковой элемент, измеряют прикладываемое усилие."
43,2.601 Единая система конструкторской документации.
44,7.11.1 Сбор образцов компрессионной пены.
45,"Для этого готовят образцы раствора пенообразователя объемом 100 мл в трех концентрациях: номинальной концентрации, номинальной концентрации плюс один (или два) процента, номинальной концентрации минус один (или два) процента."
46,7.10.1.1 Сущность данного способа состоит в измерении расхода воды и расхода пенообразователя с последующим вычислением величины дозирования пенообразователя.
47,Примечание - При вычислении объема раствора допускается принимать плотность раствора равной 1 кг/дм 3.
48,7.7.3 Испытания на холодо- и теплоустойчивость проводят при температуре в соответствии с исполнением и категорией по ГОСТ 15150 (теплоустойчивость - не ниже 50 °C).
49,"7.6.2 Вид испытательной среды и испытательное давление устанавливают в зависимости от рабочей среды арматуры: - для арматуры, которая по условиям эксплуатации находится под давлением воды, испытательная среда - вода, испытательное давление P исп = 1,1 P р ; - для арматуры, которая по условиям эксплуатации находится под давлением пенообразователя, испытательная среда - вода, испытательное давление P исп = 1,1 P ПО , где P ПО - давление в линии подачи пенообразователя в дежурном режиме; - для арматуры, которая по условиям эксплуатации находится под давлением воздуха (газа), испытательная среда - воздух, испытательное давление равно (0,60 +/- 0,1) МПа."
50,6.5 При получении неудовлетворительных результатов хотя бы по одному из показателей должны быть проведены повторные испытания удвоенного количества устройств для проверки указанного показателя.
51,Допускается совмещать определение различных показателей в одном испытании.
52,7.5.2 Утечка воздуха через монтажные соединения и уплотнения комплектующего оборудования и трубопроводов не допускается.
53,Значение давления испытательной среды устанавливают не менее рабочего давления на вводе в устройство.
54,"7.1 Допустимая погрешность приборов и оборудования, используемых при проведении испытаний."
55,5.2 Конструкция устройства должна исключать самопроизвольное включение органов управления и механизмов.
56,"5.4 Токопроводящие цепи устройства должны иметь защиту от механических повреждений, воздействия воды и пенообразователя."
57,4.2.18 Конструкция устройства должна обеспечивать возможность демонтажа устройств измерения давления для их периодической поверки.
58,Вся эксплуатационная документация должна быть оформлена в соответствии с ГОСТ 2.601 и содержать значения показателей по 4.2.1 [ a) - m) ].
59,"4.3 Комплектность В комплект поставки устройства должны входить комплектующие изделия, предусмотренные ТД на изделие, паспорт, руководство по эксплуатации, пневмогидравлическая схема."
60,"4.2.8 Пусковой элемент устройства (ручка, кнопка, рычаг и т.п.) должен быть окрашен в красный цвет по ГОСТ 12.4.026."
61,"4.2.5 Инерционность устройства не должна превышать значение, установленное изготовителем и указанное в ТД."
62,"4.2.10 Трубопроводы, уплотнения и арматура, взаимодействующие с пеной и пенообразователем, должны изготавливаться с использованием материалов и/или покрытий, стойких к действию пенообразователей."
63,4.2.9 Трубопроводы и арматура должны быть защищены от коррозии за счет применения коррозионно-стойких материалов и/или покрытий.
64,"3.1.12 пробное давление P пр (test pressure P t ): Избыточное давление, при котором следует проводить испытание устройства на прочность."
65,"Если заменен ссылочный документ, на который дана датированная ссылка, то следует использовать указанную версию этого документа."
66,"4.2.2 Значения показателей назначения устройства по 4.2.1 должны соответствовать значениям, указанным в ТД на них."
67,"7.1.2 Проверку расхода воды, величины дозирования пенообразователя и определение кратности и устойчивости пены проводят контрольно-измерительными приборами, входящими в состав испытательного стенда, или проверяемого устройства, или устанавливаемыми на устройство на момент проверки."
68,"4.2.16 Конструкция входящих в состав устройства ручных задвижек, затворов и кранов должна позволять проводить их опломбирование в рабочем положении."
69,"4.2.12 Комплектующее оборудование устройства, трубопроводы и их соединения должны обеспечивать герметичность относительно внешней среды при воздействии давления не менее установленного рабочего давления на вводе в устройство."
70,"4.2.17 При осмотре ручных запорных устройств (задвижек, затворов и кранов) должна быть обеспечена возможность визуального контроля их состояния: ""Открыто"" - ""Закрыто""."
71,"Запорные устройства должны быть снабжены указателями (стрелками) и надписями, обозначающими их положение (""Открыто"" - ""Закрыто"") или указывающими на включаемые/выключаемые режимы."
72,"4.2.20 Габаритные размеры и масса устройства должны соответствовать значениям, установленным изготовителем и указанным в ТД."
73,"7.6.3 Утечка в затворах не должна превышать значений, установленных для соответствующих классов герметичности по ГОСТ 9544."
74,В этом случае методика измерения расхода воды определяется изготовителем.
75,За результаты испытаний принимают среднеарифметическое значение не менее чем трех измерений.
76,7.10.1 Определение дозирования пенообразователя на основе измерения расхода воды и пенообразователя.
77,"7.11 Определение кратности и устойчивости пены Кратность и показатель устойчивости определяют для образцов пены, собранных при работе устройства в установившемся режиме с параметрами, соответствующими ТД на устройство."
78,"Уравнение данной функции является калибровочной кривой для определенного типа пенообразователя, качества воды и номинального процента дозирования пенообразователя."
79,"Затем с помощью кондуктометра, следуя руководству по его эксплуатации, измеряют проводимость полученных образцов и по имеющейся калибровочной кривой определяют искомое значение процента дозирования пенообразователя."
80,"Для полученного калибровочного графика определяют аппроксимирующую функцию, при этом коэффициент детерминации R 2 должен быть не менее 0,95."
81,Поэтому при использовании соленой воды следует осуществлять измерение величины дозирования по методике 7.10.1.
82,"7.10.2.2 До начала испытаний для каждого типа пенообразователя и для каждого номинального значения дозирования определяют эталонную (калибровочную) кривую зависимости электропроводности раствора пенообразователя от концентрации пенообразователя, содержащегося в растворе."
83,"Каждый образец раствора должен быть помещен в пластиковую емкость с крышкой, промаркирован и тщательно перемешан, например с использованием магнитной мешалки."
84,В этом случае методика измерения расхода пенообразователя определяется изготовителем.
85,7.10.2 Определение дозирования пенообразователя на основе измерения проводимости раствора.
86,За результаты испытаний принимают среднеарифметическое значение не менее чем трех измерений.
87,"7.10.2.1 Данный способ основан на существенной зависимости электропроводности раствора от концентрации содержащегося в нем пенообразователя и состоит в измерении электропроводности раствора, с последующим определением концентрации пенообразователя в растворе по калибровочному графику."
88,7.10.1.2 Расход пенообразователя определяют одновременно с расходом воды при проведении испытаний по 7.9.
89,"7.10.1.3 Допускается также определять расход пенообразователя с использованием уровнемера, установленного на емкости с пенообразователем."
90,Предварительно проводят тарировку уровнемера для определения объема жидкости в единице деления любым удобным для испытателя способом.
91,"При работе устройства в стационарном режиме, когда значения давления перед и за устройством соответствуют значениям, заданным в ТД, определяют начальное и конечное показания уровня в мерной трубке за заданное время."
92,Переполнение контейнера пеной не допускается.
93,"Контейнеры, заполненные пеной по 7.11.1 , закрывают во избежание испарения и оставляют на время, необходимое для перехода всего количества пены в раствор."
94,Выбор способа определения кратности осуществляется разработчиком устройства.
95,Массу раствора m pi в i -м контейнере определяют как разность масс заполненного и пустого контейнеров.
96,Определение кратности пены проводят одним из следующих способов: - взвешиванием образца пены (7.11.2.1) ; - взвешиванием образцов пены и раствора (7.11.2.2) ; - измерением объема выпадающего раствора (7.11.2.3).
97,Объем контейнеров и масса каждого из них должны быть измерены до начала испытаний с точностью в соответствии с 7.1.4.
98,"Предварительно, до измерения массы контейнеров, необходимо увлажнить контейнеры внутри, а затем измерить массу пустых увлажненных контейнеров, после чего осуществить сбор пены в них."
99,По окончании сбора пены определяют массу m i собранной в каждом контейнере пены как разность масс заполненного и пустого контейнеров и объем V i пены как объем контейнера.
100,Конкретное значение контролируемого процента выпадения раствора и соответствующее время выпадения определяет и вносит в ТД производитель.
101,"Контейнер должен быть заполнен полностью, равномерно, без образования пустот."
102,Количество контейнеров - не менее двух.
103,"7.11.2.2 Определение кратности способом взвешивания образцов пены и раствора Сущность данного способа состоит в том, что соотношение объемов пены и раствора, из которого эта пена получена, заменяют соотношением массы раствора, равного по объему пене, и массы пены."
104,"Момент начала истечения испытательной среды необходимо определять с помощью датчиков давления, аудио- и видеозаписи или другими объективными методами контроля."
105,При этом способ установки контейнера на цилиндр должен исключать возможность вытекания жидкости из контейнера за пределы мерного цилиндра.
106,"Критерием предельного состояния устройств считают такое их техническое состояние, при котором восстановление работоспособности устройства невозможно или нецелесообразно."
107,"7.10.2.3 Образцы раствора пенообразователя, по которым осуществляют оценку значения дозирования пенообразователя, получают в установившемся режиме работы устройства при температуре (21 +/- 2) °C."
108,"Испытание образцов проводят при температуре окружающего воздуха от 10 °C до 40 °C, скорости его движения не более 0,5 м/с и относительной влажности (60 +/- 15)%, измеренных на расстоянии от 1 до 1,5 м от поверхности образца."
109,"Продолжительность огневого воздействия на образцы конструкций должна соответствовать минимальному требуемому пределу огнестойкости испытываемой конструкции, но не превышать 45 мин."
110,"При отсутствии вышеуказанных протоколов испытаний и при необходимости использования показателей пожарной опасности материалов для классификации конструкции по пожарной опасности должны представляться образцы материалов, из которых изготовлена конструкция, для испытаний на горючесть, воспламеняемость и дымообразующую способность по 4.2 и 4.3 с соответствующей документацией."
111,"Длина образцов должна быть не менее 2,4 м, ширина - не менее 1,3 м, толщина - по технической документации."
112,"Способность к воспламенению газов, выделяющихся при термическом разложении материалов образца, проверяют посредством поднесения горящего факела к местам выхода этих газов на необогреваемые поверхности образца не реже чем через каждые 5 мин испытания и через каждую минуту - при появлении вспышек газа; длина намотки факела должна быть не менее 150 мм, а диаметр - не менее 40 мм."
113,"В случае различия результатов испытаний двух одинаковых образцов более чем на 15% проводят третье испытание, при этом размер повреждения определяют как среднеарифметическое значение по результатам испытаний двух образцов, имеющих наибольшие размеры повреждения."
114,"При этом среднее отклонение температуры от стандартного режима при калибровке не должно превышать следующих значений, %: +/- 7,5 - в течение 10 мин от начала испытания; +/- 5 - после 10 мин от начала испытания."
115,"В случае необходимости по требованию испытательной лаборатории в процессе изготовления образцов для испытаний следует проводить отбор проб материалов, в том числе негорючих, из которых изготовляют образцы, для проведения идентификационного и калориметрического контроля в соответствии с нормативными документами <*>."
116,"Повреждением считается обугливание, оплавление и выгорание материалов, из которых изготовлена конструкция, на глубину более 2 мм."
117,"При этом отклонение средней температуры, измеренной термопарами 19 - 21 по зависимости (1) , не должно превышать следующих значений, %: 15 - в течение 10 мин от начала калибровки; 10 - после 10 мин от начала калибровки."
118,"Калибровку печи проводят: - после 10 испытаний; - при изменении конструкции или футеровки печи; - при изменениях в системе подачи и сжигания топлива; - при замене типа топлива; - при температуре окружающей среды во время испытания образца, отличающейся более чем на 10 °C от температуры среды при проведении предшествующей калибровки."
119,"Пожарную опасность конструкции характеризуют: - наличием теплового эффекта (но не его значением) от горения материалов образца, который выражается в превышении температуры в тепловой камере по сравнению с верхней допустимой границей температурного режима, установленного в 7.4 ; - наличием пламенного горения газов, выделяющихся при термическом разложении материалов образца, продолжительностью более 5 с; - наличием горящего расплава при продолжительности его горения более 5 с; - размером повреждения образца в контрольной зоне с учетом условий 9.15."
120,"Одна и та же конструкция может принадлежать к различным классам пожарной опасности в зависимости от времени теплового воздействия, например: К0(15) - конструкция класса К0 при времени теплового воздействия 15 мин; К1(30) - конструкция класса К1 при времени теплового воздействия 30 мин; К2(45) - конструкция класса К2 при времени теплового воздействия 45 мин; К1(30)/К3(45) - конструкция класса К1 при времени теплового воздействия 30 мин и класса К3 при времени теплового воздействия 45 мин."
121,"Образцы конструкций для испытаний, включая стыки и их заполнение, должны быть изготовлены в соответствии с технической документацией на изготовление и применение конструкций."
122,"Горючесть материала устанавливают по ГОСТ 30244 , воспламеняемость - по ГОСТ 30402 , дымообразующую способность - по ГОСТ 12.1.044 , а при необходимости рекомендуется контролировать путем их идентификационного анализа и калориметрического анализа по действующим нормативным документам."
123,"Сущность метода заключается в определении показателей пожарной опасности конструкции при ее испытании в условиях теплового воздействия, установленных настоящим стандартом, в течение времени, определяемого требованиями к этой конструкции по огнестойкости."
124,"Если ссылочный стандарт заменен (изменен), то при пользовании настоящим стандартом следует руководствоваться заменяющим (измененным) стандартом."
125,Номенклатура показателей и методы их определения ГОСТ 6616-94.
126,"При передаче заказчиком образцов конструкций испытательной лаборатории обеими сторонами составляется акт о соответствии образца требованиям технической документации на испытываемую конструкцию, а в случае необходимости - акт отбора проб материалов для проведения идентификационного и калориметрического контроля."
127,Калибровочные образцы должны соответствовать требованиям ГОСТ 30247.0.
128,"Образцы не должны иметь проемов, а также декоративной отделки или облицовки."
129,"Образование горящего расплава контролируют визуально по наличию горящих капель, вытекающих из торцов образца или стекающих по поверхности образца в пределах контрольной зоны."
130,Образцы внутренних стен и перегородок несимметричного сечения следует испытывать при воздействии огня с каждой стороны либо со стороны с заведомо большей пожарной опасностью.
131,В огневой камере установки термопары следует размещать в соответствии с ГОСТ 30247.0.
132,"Расстояние от термопар, устанавливаемых по перечислениям в) и д) , до торца или стыка образца должно быть не менее 1/2 его толщины."
133,"Для испытания конструкции одного типа должны быть, как правило, изготовлены два одинаковых образца."
134,"Материалы и детали образцов, подлежащих испытанию, в том числе стыковые соединения ограждающих конструкций, должны соответствовать технической документации на их изготовление и применение."
135,"В процессе испытания следует регистрировать следующие параметры, по которым определяется класс пожарной опасности конструкции: - температуру в огневой и тепловой камерах для определения наличия теплового эффекта; - способность к воспламенению газов, выделяющихся при термическом разложении материалов образца; - образование горящего расплава."
136,"Конструкции, имеющие в проектном положении уклон менее 30°, следует испытывать в вертикальном положении, остальные - в горизонтальном."
137,Рекомендуется определять глубину и площадь обугливания горючих материалов в пределах огневой камеры с занесением этих данных в протокол испытания.
138,"Факел должен иметь держатель, обеспечивающий его безопасное использование."
139,"Температуру в тепловой камере следует регистрировать по показаниям термопар, установленных в соответствии с 8.3.2."
140,"Температуру в огневой камере следует регистрировать по показаниям термопар, установленных в соответствии с 8.3.1."
141,После остывания образца проводят его обследование с целью определения и регистрации размеров повреждения в контрольной зоне.
142,При измерении размеров повреждения слоистых конструкций необходимо путем вскрытия обследовать все слои конструкции.
143,Размер повреждения конструкции определяют как среднеарифметическое значение по результатам испытания двух одинаковых образцов.
144,Отбор проб проводится совместно представителями испытательной лаборатории и заказчика. -------------------------------- <*> В Российской Федерации действует ГОСТ Р 53296-2009.
145,"9.1 Испытания образца конструкции проводят при температуре воздуха от 1 °C до 30 °C, скорости его движения не более 0,5 м/с и относительной влажности (60 +/- 15)%, измеренных на расстоянии от 1 до 1,5 м от поверхности образца."
146,"3.4 система теплоизоляции : Система из двух и более слоев, используемая для нанесения на стену и содержащая не менее одного слоя, предназначенного для повышения теплотехнических свойств стены."
147,5.10.2 Для измерения плотности потока теплового излучения следует использовать датчики неселективного поглощенного теплового потока (далее - тепломеры) с точностью измерения не менее 20%.
148,"6.3 Нижний горизонтальный торец на всю ширину и центральная часть верхнего горизонтального торца шириной не менее 500 мм невентилируемых систем теплоизоляции или отделок, выполненных на фрагменте стены или на образцах испытуемых стен, не должны иметь наружного защитного слоя."
149,"Интервал времени регистрации показаний тепломеров не должен превышать 10 с, термопар - 60 с."
150,"7.4.2 Температура, регистрируемая термопарой Т2 в период с 10-й по 20-ю минуты калибровки испытательной установки, должна быть не менее 600 °C."
151,"А.4.2 При изменении в процессе выполнения ТА массы образца идентифицируемого материала на 10% и более следует обеспечить такие условия выполнения ТА, чтобы изменение значений регистрируемых параметров было не более 5%."
152,"При этом первое значение потери образцом относительной массы , %, следует принимать равным 0,5%, фиксируя соответствующую ему температуру , °C, а конечное , %, - следует определять при температуре, соответствующей окончанию всех контролируемых при ТА явлений, но не ниже 750 °C."
153,"Остальные значения фиксированной потери образцом относительной массы определяют по достаточно характерным точкам на ТГ-зависимости, например, 5%, 10%, 50%, 96%."
154,11.3 В протоколе испытаний в соответствии с 5.7 должна быть сделана запись о виде использованного топлива и условиях его сжигания.
155,"Высота светящейся части факела пламени над верхним обрезом открытого проема фрагмента стены в непрерывном интервале с 10-й по 20-ю минуты калибровки должна быть не менее 1,2 м."
156,"5.10.3 Для измерения расхода жидкого или газообразного топлива следует использовать расходомеры с точностью измерения не менее 10% номинального расхода, установленного при калибровке установки."
157,А.3 Подготовка к проведению испытаний образцов идентифицируемого материала А.3.1 Для идентификационного контроля отбирают не менее пяти проб материала объемом не менее 1 см 3 каждая: - не менее чем из трех проб изготавливают образцы для выполнения ТА; - не менее двух проб оставляют на контрольное хранение.
158,А.3.4 Массу и размеры образцов определяют с учетом технических требований инструкции по эксплуатации используемого для выполнения ТА прибора.
159,"А.5.3 Потерю массы идентифицируемого материала [см. А.1.1, перечисление а) ] рекомендуется также характеризовать потерей относительной массы , %, при фиксированных значениях температуры °C, по достаточно характерным точкам на ТГ-зависимости, аналогично выделяя на ней не менее пяти характерных точек, например, 350 °C, 400 °C, 420 °C, 550 °C, 670 °C."
160,"9.11 Регистрацию измеряемых параметров прекращают после снижения температуры в точке Т1 до (450 +/- 5) °C, но не ранее чем через 45 мин после начала испытания образца конструкции, при условии устойчивого снижения температур на поверхности и внутри образца."
161,"А.2.2 Для выполнения ТА рекомендуется использовать приборы модульного или совмещенного типов, а также другие приборы, отвечающие следующим требованиям: - интервал температур нагрева образцов - не менее чем от 25 °C до 1000 °C; - интервал скорости нагревания образца - от 5 °C до 20 °C в минуту; - точность измерения температур в диапазоне от 50 °C до 1000 °C не менее 3%; - точность измерения разности температур образца и эталона не менее 0,2 °C; - возможность подачи в реакционную зону (тигельное пространство) воздуха с расходом, рекомендуемым инструкцией по использованию данного типа прибора и тиглей; - точность измерения массы образца должна быть не менее 1,5%."
162,"10.4 Для стен, соответствующих требованиям 1.3, перечисление д) , не имеющих защитно-декоративных систем, указанных в 1.1 , или с отделкой из традиционных негорючих материалов и изделий (фасадной керамической плитки с массой менее 1 кг, кирпича, штукатурных, шпаклевочных и клеевых растворов), выполняемой без воздушного зазора между отделкой и основной частью стены, допускается устанавливать класс пожарной опасности К0 без испытаний образцов этих конструкций."
163,Не учитывается повреждение материалов толщиной менее 2 мм.
164,"9.5 События, перечисленные в 9.4 , и время их реализации фиксируют визуально и с помощью фото- и видеосъемки."
165,5.10 Система измерения и регистрации параметров пожарной опасности образцов конструкций включает в себя: - систему измерения температур; - систему измерения плотности потока теплового излучения; - систему измерения и регистрации расходов жидкого или газообразного топлива; - фото- и видеоаппаратуру.
166,"7.6 Показания термопар и тепломеров при калибровке испытательной установки регистрируют не реже чем через 60 и 10 с (1 и 0,167 мин) соответственно."
167,5.8 В качестве твердого топлива для обеспечения требуемых параметров теплового воздействия на внешнюю сторону калибровочного образца и образца испытуемой стены рекомендуется использовать древесину хвойных пород в виде брусков с весовой влажностью 12% - 15%.
168,Технические условия ГОСТ 30244-94 Материалы строительные.
169,Общие требования и номенклатура видов защиты ГОСТ 12.1.033-81 Система стандартов безопасности труда.
170,2 Нормативные ссылки В настоящем стандарте использованы ссылки на следующие стандарты: ГОСТ 12.1.004-91 Система стандартов безопасности труда.
171,Общие санитарно-гигиенические требования к воздуху рабочей зоны ГОСТ 12.1.019-79 Система стандартов безопасности труда.
172,Общие требования ГОСТ 12.1.005-88 Система стандартов безопасности труда.
173,"А.5.4 Параметр скорости потери массы идентифицируемого материала [см. А.1.1, перечисление б) ] характеризуют величиной A , % в минуту: , (А.1) где m - относительная масса образца материала, %; t - время, мин; V - скорость нагрева образца, °C в минуту; T - температура образца, °C."
174,"9.9 Повреждением считают обугливание материалов, из которых выполнен образец, на глубину 2 мм и более, их оплавление с признаками горения - обугливанием или образованием расплава черного цвета при светлых тонах окраски исходного материала."
175,А.3.5 Для материалов с потерей массы образца в процессе выполнения ТА 10% и более массу образца рекомендуется принимать близкой к максимально возможной для используемого прибора.
176,"9.4 В процессе испытания регистрируют показания установленных датчиков, а также следующие события и время их реализации, характеризующие пожарную опасность испытуемой конструкции: а) распространение горения по поверхности образца; б) воспламенение газов, выделяющихся при термическом разложении материалов, примененных при изготовлении образца, по его торцам; в) образование горящего расплава и (или) частиц, приводящее к воспламенению рубероида, расположенного в соответствии с 5.5 у основания образца; при падении горящих элементов образца только на нижний откос его открытого оконного проема или если их размеры заведомо больше размеров горящих элементов, падающих перед образцом конструкции на рубероид, наиболее крупные из них по размерам следует незамедлительно сбрасывать с откоса открытого оконного проема на рубероид с целью выявления возможности его воспламенения; г) высоту факела пламени; д) обрушение элементов образца."
177,"6.2 Размеры, кроме толщины, основной части испытуемого образца конструкции стены, в том числе размеры и расположение имитации оконного проема, размеры и расположение открытого проема без заполнения должны соответствовать размерам и расположению тех же элементов фрагмента стены."
178,В пределах конкретной партии древесина должна быть одного вида и сорта.
179,5.10.1 Для измерения температур факела пламени по высоте и температуры на поверхности и внутри образцов испытуемых конструкций должны применяться термоэлектрические преобразователи (далее - термопары).
180,"Горизонтальные торцы вентилируемых систем теплоизоляции или облицовок, выполненных на фрагменте стены или на образцах испытуемых стен, должны быть открытыми на всю ширину, а вертикальные торцы - закрытыми на всю высоту."
181,Всю партию следует приобретать у одного поставщика.
182,Весовую влажность древесины следует контролировать в день проведения калибровки установки или испытаний образцов конструкций.
183,Вертикальные оси симметрии открытого проема огневой камеры и оконного проема без заполнения фрагмента стены или образца конструкции стены должны совпадать.
184,Метод определения пожарной опасности СТ СЭВ 383-87 Пожарная безопасность в строительстве.
185,"Если ссылочный стандарт заменен (изменен), то при пользовании настоящим стандартом следует руководствоваться заменяющим (измененным) стандартом."
186,"5.2 Огневая камера должна иметь открытый проем для выхода факела пламени на внешнюю сторону фрагмента стены или образца конструкции стены, имитируя воздействие факела пламени из помещения с очагом пожара на внешнюю сторону наружной стены здания."
187,Перед использованием каждой новой партии древесины следует предварительно проводить калибровку испытательной установки с древесиной новой партии.
188,"5.10.4 Оборудование для измерения массы, длины, времени, весовой влажности твердого топлива, температуры окружающей среды, скорости движения воздуха, относительной влажности воздуха должно быть не менее 2-го класса точности."
189,7.4.3 Факел пламени из открытого проема огневой камеры установки должен выходить на внешнюю поверхность фрагмента стены не позднее 6-й минуты и уходить внутрь огневой камеры не ранее 25-й минуты калибровки.
190,"7.4.1 Температура, регистрируемая термопарой Т1, должна быть в пределах, указанных в таблице 1."
191,7.4 Тепловой режим при калибровке испытательной установки должен соответствовать требованиям 7.4.1 - 7.5.
192,При измерении размеров повреждения материалов образца необходимо обследовать все слои и элементы образца путем его вскрытия.
193,8.4 Проведению испытаний образцов конструкций должны предшествовать калибровочные испытания установки в соответствии с требованиями 7.9.
194,"9.7 После остывания образца испытуемой конструкции проводят его обследование с целью определения и регистрации размеров и характера повреждения материалов, примененных при изготовлении образца."
195,"Показания термопар и тепломеров следует регистрировать с теми же интервалами времени, что и при калибровке."
196,"9.6 Кроме событий, указанных в 9.4 , в процессе испытания следует регистрировать: - время появления и характер развития в образце трещин, отверстий, отслоений; - время изменения цвета и плотности дыма, выделяющегося из материалов, примененных при изготовлении образца, вследствие их горения или термического разложения; - время появления и изменения интенсивности запахов, характерных для термического разложения органических материалов образца; - другие внешне проявляющиеся особенности реакции образца на тепловое воздействие."
197,"А.5.2 Потерю массы идентифицируемого материала [см. А.1.1, перечисление а) ] характеризуют фиксированными на ТГ-зависимостях значениями потери образцом относительной массы , %, , %), число которых должно быть не менее пяти, и соответствующими им значениями температур °C - °C."
198,В этом случае значение параметра определяют как среднеарифметическое значение.
199,А.4.3 Для получения значений регистрируемых при выполнении ТА параметров проводят испытания не менее двух образцов материала.
200,Из проб неоднородных материалов готовят не менее трех усредненных образцов путем измельчения не менее трех проб до порошкообразного состояния и тщательного перемешивания.
201,"По ДТГ-зависимости определяют значения локальных максимумов скорости потери массы образцом идентифицируемого материала , %/мин, и соответствующие им температуры , °C."
202,"По ДТА-зависимости определяются значения относительного выделения или поглощения тепла , °C·мин/мг, в области температур, прилегающих к температурам , где i - порядковый номер локального максимума экзо- или эндотермического эффекта."
203,Ниже представлен образец оформления протокола идентификационного контроля материалов по методу калориметрии путем определения низшей теплоты сгорания.
204,Акт калибровки испытательной установки вместе с видео- и фотоматериалами калибровки должен быть заверен руководителем испытательной лаборатории и предъявляться заказчику испытаний и представителям надзорных органов по их требованию.
205,"Проем, расположенный в стене толщиной более 0,7 м, а также тамбур следует считать самостоятельным участком горизонтального пути, имеющим конечную длину."
206,"При отсутствии необходимых исходных данных для определения времени начала эвакуации в зданиях (сооружениях) без систем оповещения величину следует принимать равной 0,5 мин - для этажа пожара и 2 мин - для вышележащих этажей."
207,"Горизонтальное расстояние между ними должно соответствовать требованиям нормативных документов, но быть не менее 5 м."
208,"Горизонтальное расстояние между ними должно соответствовать требованиям нормативных документов, но быть не менее 10 м."
209,"Горизонтальное расстояние между ними должно соответствовать требованиям нормативных документов, но быть не менее 5 м."
210,"Горизонтальное расстояние между ними должно соответствовать требованиям нормативных документов, но быть не менее 10 м."
211,"Горизонтальное расстояние между ними должно соответствовать требованиям нормативных документов, но быть не менее 10 м."
212,"Требуется определить, до какого максимального начального давления можно подавать в сосуд горючую смесь, чтобы после ее воспламенения в центре сосуда давление взрыва не превысило допустимого давления 2,0 МПа."
213,"Отсюда нетрудно вычислить, что диаметр предохранительной мембраны должен быть равен 0,5 м."
214,"Выбрав в качестве значения коэффициента расхода , получаем выражение , т.е. диаметр сбросного трубопровода должен составлять около 0,7 м, что слишком много для сосуда, эквивалентный диаметр которого (диаметр сферы объемом 4 м3) 1,97 м."
215,"Сосуд объемом 4 м3 без встроенных внутрь элементов для хранения бензола, рассчитанный на максимальное абсолютное давление 0,2 МПа, необходимо оснастить надежной системой сброса давления взрыва с отводом продуктов взрыва по трубопроводу в безопасное место."
216,"В лабораторном сосуде объемом 0,01 м3, рассчитанном на давление 2,0 МПа и имеющем сбросное отверстие для установки предохранительной мембраны диаметром 2,5 см, проводят исследования по определению нормальных скоростей распространения пламени для стехиометрических метановоздушных смесей при различных давлениях."
217,"Нижний концентрационный предел воспламенения этилена ( в смеси с воздухом равен 2,75%, поэтому, в соответствии с СНиП II-90-81 : производство по взрывной, взрывопожарной и пожарной опасности относится к категории А, то есть в цехе возможно возникновение как пожара, так и взрыва."
218,"Расчетное время эвакуации , определенное в соответствии с теми же нормами, равно 0,47 мин."
219,"Если выбранное и вычисленное значения отличаются более чем на 5%, то вычисление необходимо повторить."
220,"Требуется определить безопасную площадь разгерметизации при условии, что реактор рассчитан на избыточное давление 0,4 МПа (абсолютное давление 0,5 МПа)."
221,Время автоматического отключения циклона не более 2 мин.
222,"Горизонтальное расстояние между ними должно соответствовать требованиям нормативных документов, но быть не менее 5 м."
223,"Механические (фрикционные) искры (искры от удара и трения) Размеры искр удара и трения, которые представляют собой раскаленную до свечения частичку металла или камня, обычно не превышают 0,5 мм, а их температура находится в пределах температуры плавления металла."
224,"Предотвращение образования в горючей среде источников зажигания должно достигаться применением одного из следующих способов или их комбинацией: применением машин, механизмов, оборудования, устройств, при эксплуатации которых не образуются источники зажигания; применением электрооборудования, соответствующего пожароопасной и взрывоопасной зонам, группе и категории взрывоопасной смеси в соответствии с требованиями ГОСТ 12.1.011 <*> и Правил устройства электроустановок; -------------------------------- <*> В Российской Федерации действуют ГОСТ Р 51330.2-99 , ГОСТ Р 51330.5-99 , ГОСТ Р 51330.11-99 , ГОСТ Р 51330.19-99 . применением в конструкции быстродействующих средств защитного отключения возможных источников зажигания; применением технологического процесса и оборудования, удовлетворяющих требованиям электростатической искробезопасности по ГОСТ 12.1.018 ; устройством молниезащиты зданий, сооружений и оборудования; поддержанием температуры нагрева поверхности машин, механизмов, оборудования, устройств, веществ и материалов, которые могут войти в контакт с горючей средой, ниже предельно допустимой, составляющей 80% наименьшей температуры самовоспламенения горючего; исключением возможности появления искрового разряда в горючей среде с энергией, равной и выше минимальной энергии зажигания; применением неискрящего инструмента при работе с легковоспламеняющимися жидкостями и горючими газами; ликвидацией условий для теплового, химического и (или) микробиологического самовозгорания обращающихся веществ, материалов, изделий и конструкций."
225,"Прямой удар молнии Опасность прямого удара молнии заключается в контакте горючей среды с каналом молнии, температура в котором достигает 30000 °C при силе тока 200000 А и времени действия около 100 мкс."
226,"Если рассчитывать свободный объем невозможно, допускается принимать его равным 80% геометрического объема."
227,"Сначала рассчитывают значения критической продолжительности пожара ( ) по условию достижения каждым из ОФП предельно допустимых значений в зоне пребывания людей (рабочей зоне): по повышенной температуре , (25) по потере видимости , (26) по пониженному содержанию кислорода , (27) по каждому из газообразных токсичных продуктов горения , (28) где - размерный комплекс, зависящий от теплоты сгорания материала и свободного объема помещения, кг; - начальная температура воздуха в помещении, °C; - показатель степени, учитывающий изменение массы выгорающего материала во времени; - размерный параметр, учитывающий удельную массовую скорость выгорания горючего материала и площадь пожара, ; - безразмерный параметр, учитывающий неравномерность распределения ОФП по высоте помещения; - низшая теплота сгорания материала, ; - удельная изобарная теплоемкость газа, ; - коэффициент теплопотерь; - коэффициент полноты горения; - свободный объем помещения, м3; - коэффициент отражения предметов на путях эвакуации; - начальная освещенность, лк; - предельная дальность видимости в дыму, м; - дымообразующая способность горящего материала, ; - удельный выход токсичных газов при сгорании 1 кг материала, ; - предельно допустимое содержание токсичного газа в помещении, ( ; ; ); - удельный расход кислорода,."
228,"0,1 взрослого в зимней одежде ........................"
229,Размер капель металла при этом достигает 3 мм (при потолочной сварке - 4 мм).
230,"Температура капель алюминия при коротком замыкании достигает 2500 °C, температура сварочных частиц и никелевых частиц ламп накаливания достигает 2100 °C."
231,"Температура дуги при сварке и резке достигает 4000 °C, поэтому дуга является источником зажигания всех горючих веществ."
232,"Размер капель при резке металла достигает 15 - 26 мм, скорость - , температура 1500 °C."
233,"Энергия искрового разряда превышает 250 мДж и достаточна для воспламенения горючих веществ с минимальной энергией зажигания до 0,25 Дж."
234,"Влияние формы аппарата Для технологического оборудования с отношением длины к диаметру до 5:1 можно считать, что форма аппарата не влияет на значение фактора турбулизации, так как увеличение поверхности пламени из-за его вытягивания по форме аппарата компенсируется уменьшением поверхности в результате более раннего касания пламенем стенок сосуда."
235,Влияние объема аппарата Для полых аппаратов объемом менее 1 м3 значение фактора турбулизации.
236,Примеры расчетов Утвержден Постановлением Госстандарта СССР от 14 июня 1991 г. N 875 МЕЖГОСУДАРСТВЕННЫЙ СТАНДАРТ СИСТЕМА СТАНДАРТОВ БЕЗОПАСНОСТИ ТРУДА ПОЖАРНАЯ БЕЗОПАСНОСТЬ ОБЩИЕ ТРЕБОВАНИЯ Occupational safety standards system. Fire safety. General requirements ГОСТ 12.1.004-91 Группа Т58 МКС.
237,"Учитывая, что из всей массы этилена, вышедшего в объем помещения, только 70% участвуют в образовании локального взрывоопасного облака, время образования этого облака и время его существования после устранения утечки этилена будет равно:."
238,"Рассчитаем время образования взрывоопасной концентрации в локальном облаке, занимающем 5% объема цеха."
239,"Данные для расчета Ацетон находится в аппарате с максимальным объемом заполнения , равным 0,07 м3, и в центре помещения над уровнем пола."
240,"Радиус резервуара РВС - 20000 R = 22,81 м."
241,"Ширина поэтажного коридора 1,5 м, расстояние от наиболее удаленного помещения этажа до выхода в лестничную клетку 40 м, через один выход эвакуируются 50 человек, ширина выхода 1,2 м."
242,При этом время блокирования эвакуационных путей на этаже пожара принимаем равным 1 мин в соответствии с требованиями строительных норм и правил проектирования зданий и сооружений.
243,"Длина напорного и обводящего трубопроводов диаметром 0,05 м равна соответственно 3 и 10 м."
244,"Для отклонения компрессора при заклинивании всасывающего клапана имеется система контроля давления, которая отключает компрессор через 10 с после заклинивания клапана."
245,"При высоте расположения провода 10 м вероятность попадания частиц на расстояние 9 м составляет 0,06, 7 м - 0,45 и 5 м - 0,92, при высоте расположения 3 м вероятность попадания частиц на расстояние 8 м составляет 0,01, 6 м - 0,29 и 4 м - 0,96, а при высоте 1 м вероятность разлета частиц на 6 м - 0,06, 5 м - 0,24, 4 м - 0,66 и 3 м - 0,99."
246,"Установлено, что искра диаметром 2 мм пожароопасна, если имеет температуру около 1000 °C, диаметром 3 мм - 800 °C, диаметром 5 мм - 600 °C."
247,"Площадь щели при разгерметизации фланцевого соединения трубопровода диаметром 150 мм и толщиной щели 0,5 мм равна."
248,"При соприкосновении человека с заземленным предметом возникают искры с энергией от 2,5 до 7,5 мДж."
249,"Так как температура колбы электролампочки мощностью 150 Вт равна 350 °C, а температура самовоспламенения этилена 540 °C, следовательно, нагретая колба не может быть источником зажигания этиленовоздушной смеси."
250,"Время истечения этилена при имевших место авариях за анализируемый период времени было равно 4,5, 5 и 5,5 мин."
251,"Минимальная энергия зажигания этиленовоздушной смеси равна 0,12 мДж, а энергия соударения тел значительно превышает 1000 Дж, следовательно:."
252,Площадь разлива ацетона принимаем равной 116 м2.
253,"Влияние начальной герметизации аппарата Для полых аппаратов объемом до 200 м3 с начально открытыми сбросными сечениями, например люками, значение фактора турбулизации не превышает = 2, для аппаратов с начально закрытыми сбросными сечениями (мембраны, разгерметизаторы и т.д.) не превышает = 8."
254,"С ростом объема аппарата значение фактора турбулизации увеличивается, и для полых аппаратов объемом около 10 м3 в зависимости от степени негерметичности (отношение ) аппарата."
255,"С увеличением степени негерметичности сосуда объемом около 10 м3 от 0,025 до 0,25 значение фактора турбулизации возрастает от 2,5 до 5."
256,"Так, увеличение с целью снизить давление взрыва площади разгерметизации в 10 раз в сосуде объемом порядка 10 м3 сопровождается увеличением фактора турбулизации в 2 раза."
257,Ускорение пламени на специальных препятствиях достигает значений и более уже в сосудах объемом около 10 м3.
258,"Эффект интенсификации горения в сосуде при сбросе газов через трубопровод исчезает при увеличении давления разгерметизации до 0,2 МПа при начальном давлении 0,1 МПа."
259,"Полый технологический аппарат объемом 12 м3 рассчитан на максимальное избыточное давление 0,2 МПа (абсолютное давление 0,3 МПа) и предназначен для работы при атмосферном давлении с содержащей ацетон реакционной массой."
260,"При наличии орошения в трубопроводе и использовании приемной емкости, находящейся под разрежением, длина трубопровода (по результатам экспериментов - до 30 м) не оказывает заметного влияния на максимальное давление взрыва."
261,"Влияние условий истечения Если истечение горючей смеси и продуктов сгорания осуществляется через сбросный трубопровод, расположенный за разгерметизирующим элементом и имеющий диаметр, приблизительно равный диаметру сбросного отверстия, то значение фактора турбулизации вне зависимости от объема сосуда (до 15 м3) принимают (для сосудов со степенью негерметичности около , когда оснащение сосудов сбросным трубопроводом оправдано по соображениям разумного соотношения характерных размеров сосуда и трубопровода) при условии."
262,"Влияние степени негерметичности аппарата Увеличение степени негерметичности в 10 раз (от 0,025 до 0,25), что равнозначно увеличению площади разгерметизации в 10 раз для одного и того же аппарата, приводит к возрастанию фактора турбулизации в 2 раза (для аппаратов объемом около 10 м3 с до )."
263,Для сосудов объемом до 200 м3 различной формы с незначительными встроенными внутрь элементами значение фактора турбулизации не превышает.
264,"Объем помещения составляет 10000 м3 (48 x 24 x 8,7)."
265,Свободный объем помещения равен 10000 м3.
266,"Следовательно, принимаем, что весь разлившийся ацетон, кг, за время аварийной ситуации, равное 3600 с, испарится в объем помещения, т.е.."
267,К малоопасным относятся также негорючие вещества и материалы по п. 1.6 в горючей упаковке.
268,"Расчет Объем ацетона, м3, вышедшего из трубопроводов, составляет , где - время автоматического отключения насоса, равное 2 мин."
269,"Итак, безопасная площадь разгерметизации составляет в данном случае 0,175 м2, что равнозначно сбросному отверстию диаметром 0,47 м."
270,"Известно, что фрикционные искры твердых сталей при энергиях соударения порядка 1000 Дж поджигают метановоздушные смеси с минимальной энергией зажигания 0,28 мДж."
271,"Обследование показало, что за год наблюдалось 10 случаев заклинивания клапанов."
272,"Тогда общее время существования взрывоопасного облака, занимающего 5% объема помещения и представляющего опасность при взрыве для целостности строительных конструкций и жизни людей, с учетом работы аварийной вентиляции будет равно."
273,"Тогда время образования локального взрывоопасного облака, занимающего 5% объема цеха при работе вентиляции, будет равно."
274,"Диаметр трубопроводов с этиленом равен 150 мм, температура этилена достигает 130 °C."
275,Данные для расчета В качестве пожароопасного объекта взят резервуар с нефтью объемом 20000 м3.
276,Время начала эвакуации принимаем равным 2 мин.
277,Данные для расчета Отделение компрессии этилена расположено в одноэтажном производственном здании размерами в плане 20 x 12 м и высотой 10 м.
278,Аппарат имеет рубашку обогрева (80 °C).
279,"Реактор вместимостью 6 м3, в котором возможно образование изопропаноловоздушной стехиометрической смеси при давлении 0,2 МПа, содержит сложные вращающиеся детали."
280,"Статистические данные показывают, что за анализируемый период времени наблюдался один случай разрушения деталей поршневой группы, в результате чего в цилиндре компрессора в течение 2 мин наблюдалось искрение."
281,"Увеличение давления разгерметизации до ~ 0,2 МПа (при начальном давлении технологической среды 0,1 МПа) также приводит к исчезновению эффекта интенсификации взрыва."
282,"Записанное относительно критериальное соотношение (159) принимает вид , а следовательно, максимально допустимое начальное давление горючей смеси в сосуде , т.е. не должно превышать 0,6 МПа. (Введено дополнительно, Изм. N 1.)."
283,Определение пожароопасных параметров тепловых источников интенсивности отказов элементов 5.1.
284,"Расчет Оценку уровня безопасности определяем для людей, находящихся на 15-м этаже гостиницы (наиболее удаленном от выхода в безопасную зону) при наличии систем ПДЗ и ОЛП."
285,"Значения температуры, концентраций токсичных компонентов продуктов горения и оптической плотности дыма в коридоре этажа пожара и в лестничной клетке определяются в результате решения системы уравнений теплогазообмена для помещений очага пожара, поэтажного коридора и лестничной клетки."
286,В этом случае вероятность ( ) вычисляют по зависимости (24) где - необходимое время эвакуации из зальных помещений.
287,"Уравнения движения, связывающие значения перепадов давлений на проемах с расходами через проемы, имеют вид , (13) где - расход через проем, ; - коэффициент расхода проема ( для закрытых проемов и для открытых); - ширина проемов, м; , - нижняя и верхняя границы потока, м; - плотность газов, проходящих через проем, ; - средний в пределах , перепад полных давлений, Па."
288,"При необходимости учитывают и иные события, приводящие к появлению источника зажигания."
289,Значения токов и определяют экспериментально.
290,"Вероятность ( ) принимают равной единице, если в соответствии с технологической необходимостью происходит нагрев горючих веществ до опасных температур, или нулю, если такой процесс не происходит."
291,"При необходимости учитывают и иные события, приводящие к образованию горючей среды."
292,Время существования этой неисправности определяют как продолжительность периода между запланированным и фактическим сроками проверки.
293,При отсутствии сведений о параметрах надежности анализируемого оборудования (изделия) последние определяют расчетным путем на основе статистических данных об отказах этого оборудования (изделия).
294,"Пожаровзрывоопасность любого объекта определяется пожаровзрывоопасностью его составных частей (технологических аппаратов, установок, помещений)."
295,"Поэтому, например, при определении необходимого времени эвакуации людей из партера зрительного зала с наклонным полом значение следует находить, ориентируясь на наиболее высоко расположенные ряды кресел."
296,"Вероятность возникновения пожара (взрыва) в пожаровзрывоопасном объекте определяют на этапах его проектирования, строительства и эксплуатации."
297,Для расчета вероятности возникновения пожара (взрыва) на действующих или строящихся объектах необходимо располагать статистическими данными о времени существования различных пожаровзрывоопасных событий.
298,"Вероятность возникновения пожара (взрыва) в проектируемых объектах определяют на основе показателей надежности элементов объекта, позволяющих рассчитывать вероятность производственного оборудования, систем контроля и управления, а также других устройств, составляющих объект, которые приводят к реализации различных пожаровзрывоопасных событий."
299,"Вероятность ( ) того, что воспламеняющаяся способность появившегося в i -м элементе объекта n -го энергетического (теплового) источника достаточна для зажигания k -й горючей среды, находящейся в этом элементе, определяется экспериментально или сравнением параметров энергетического (теплового) источника с соответствующими показателями пожарной опасности горючей среды."
300,"Если данные для определения ( ) отсутствуют или их достаточность вызывает сомнение, то значение вероятности ( ) принимают равным 1."
301,"Пожарная безопасность объекта должна обеспечиваться системами предотвращения пожара и противопожарной защиты, в том числе организационно-техническими мероприятиями."
302,"Требуемый уровень обеспечения пожарной безопасности людей с помощью указанных систем должен быть не менее 0,999999 предотвращения воздействия опасных факторов в год в расчете на каждого человека, а допустимый уровень пожарной опасности для людей должен быть не более воздействия опасных факторов пожара, превышающих предельно допустимые значения, в год в расчете на каждого человека."
303,Перечень и требования к эффективности элементов конкретных систем пожарной безопасности должны устанавливаться нормативными и нормативно-техническими документами на соответствующие виды объектов.
304,"Методики, содержащиеся в стандартах и других нормативно-технических документах и предназначенные для определения показателей пожарной опасности строительных конструкций, их облицовок и отделок, веществ, материалов и изделий (в т.ч. незавершенного производства), должны адекватно отражать реальные условия пожара."
305,"Классификация объектов по пожарной и взрывопожарной опасности должна производиться с учетом допустимого уровня их пожарной опасности (требуемого уровня обеспечения пожарной безопасности), а расчеты критериев и показателей ее оценки, в т.ч. вероятности пожара (взрыва), - с учетом массы горючих и трудногорючих веществ и материалов, находящихся на объекте, взрывопожароопасных зон, образующихся в аварийных ситуациях, и возможного ущерба для людей и материальных ценностей."
306,Вероятность возникновения пожара от (в) электрического или другого единичного технологического изделия или оборудования при их разработке и изготовлении не должна превышать значения в год.
307,Конкретные значения минимально возможной вероятности возникновения пожара определяются проектировщиками и технологами при паспортизации этих объектов в установленном порядке.
308,"Объекты, пожары на которых могут привести к массовому поражению людей, находящихся на этих объектах, и окружающей территории опасными и вредными производственными факторами (по ГОСТ 12.0.003 ), а также опасными факторами пожара и их вторичными проявлениями, должны иметь системы пожарной безопасности, обеспечивающие минимально возможную вероятность возникновения пожара."
309,Метод определения безопасной площади разгерметизации оборудования 1.
310,Коллективную защиту следует обеспечивать с помощью пожаробезопасных зон и других конструктивных решений.
311,"В зданиях и сооружениях необходимо предусмотреть технические средства (лестничные клетки, противопожарные стены, лифты, наружные пожарные лестницы, аварийные люки и т.п.), имеющие устойчивость при пожаре и огнестойкость конструкций не менее времени, необходимого для спасения людей при пожаре, и расчетного времени тушения пожара."
312,"Система противодымной защиты объектов должна обеспечивать незадымление, снижение температуры и удаление продуктов горения и термического разложения на путях эвакуации в течение времени, достаточного для эвакуации людей, и (или) коллективную защиту людей в соответствии с требованиями п. 3.6 и (или) защиту материальных ценностей."
313,Средства коллективной и индивидуальной защиты должны обеспечивать безопасность людей в течение всего времени действия опасных факторов пожара.
314,"Для обеспечения эвакуации необходимо: установить количество, размеры и соответствующее конструктивное исполнение эвакуационных путей и выходов; обеспечить возможность беспрепятственного движения людей по эвакуационным путям; организовать при необходимости управление движением людей по эвакуационным путям (световые указатели, звуковое и речевое оповещение и т.п.)."
315,"Ограничение распространения пожара за пределы очага должно достигаться применением одного из следующих способов или их комбинацией: устройством противопожарных преград; установлением предельно допустимых по технико-экономическим расчетам площадей противопожарных отсеков и секций, а также этажности зданий и сооружений, но не более определенных нормами; устройством аварийного отключения и переключения установок и коммуникаций; применением средств, предотвращающих или ограничивающих разлив и растекание жидкостей при пожаре; применением огнепреграждающих устройств в оборудовании."
316,"Каждый объект должен иметь такое объемно-планировочное и техническое исполнение, чтобы эвакуация людей из него была завершена до наступления предельно допустимых значений опасных факторов пожара, а при нецелесообразности эвакуации была обеспечена защита людей в объекте."
317,"Объекты должны иметь системы пожарной безопасности, направленные на предотвращение воздействия на людей опасных факторов пожара, в том числе их вторичных проявлений, на требуемом уровне."
318,Определение нормальной скорости распространения пламени и термодинамических параметров 6.
319,"Системы пожарной безопасности должны характеризоваться уровнем обеспечения пожарной безопасности людей и материальных ценностей, а также экономическими критериями эффективности этих систем для материальных ценностей, с учетом всех стадий (научная разработка, проектирование, строительство, эксплуатация) жизненного цикла объектов, и выполнять одну из следующих задач: исключать возникновение пожара; обеспечивать пожарную безопасность людей; обеспечивать пожарную безопасность материальных ценностей; обеспечивать пожарную безопасность людей и материальных ценностей одновременно."
320,Оптическая плотность дыма при обычных условиях связана с расстоянием предельной видимости в дыму соотношением . (23) Значение времени начала эвакуации для зданий (сооружений) без систем оповещения вычисляют по результатам исследования поведения людей при пожарах в зданиях конкретного назначения.
321,"В качестве критерия опасности для людей, находящихся выше очага пожара, рассматривается условие достижения одним из ОФП предельно допустимого значения в лестничной клетке на уровне этажа пожара."
322,"Определяется высота рабочей зоны , (30) где - высота площадки, на которой находятся люди, над полом помещения, м; - разность высот пола, равная нулю при горизонтальном его расположении, м."
323,"Следует иметь в виду, что наибольшей опасности при пожаре подвергаются люди, находящиеся на более высокой отметке."
324,"Средства индивидуальной защиты следует применять также для пожарных, участвующих в тушении пожара."
325,"Показателем оценки уровня обеспечения пожарной безопасности людей на объектах является вероятность предотвращения воздействия ( ) опасных факторов пожара (ОФП), перечень которых определяется настоящим стандартом."
326,"Применяемая пожарная техника должна обеспечивать эффективное тушение пожара (загорания), быть безопасной для природы и людей."
327,"Вероятность ( ) вычисляют по зависимости (5) где - время от начала пожара до блокирования эвакуационных путей в результате распространения на них ОФП, имеющих предельно допустимые для людей значения, мин; - расчетное время эвакуации людей, мин; - интервал времени от возникновения пожара до начала эвакуации людей, мин."
328,"Вероятность предотвращения воздействия ОФП определяют для пожароопасной ситуации, при которой место возникновения пожара находится на первом этаже вблизи одного из эвакуационных выходов из здания (сооружения)."
329,"Начальными участками являются проходы между рабочими местами, оборудованием, рядами кресел и т.п. При определении расчетного времени длина и ширина каждого участка пути эвакуации принимаются по проекту."
330,Допускается время принимать равным необходимому времени эвакуации.
331,Необходимое время эвакуации рассчитывается как произведение критической для человека продолжительности пожара на коэффициент безопасности.
332,"Критическая продолжительность пожара для людей, находящихся на этаже очага пожара, определяется из условия достижения одним из ОФП в поэтажном коридоре своего предельно допустимого значения."
333,"Если отсутствует возможность определения коэффициента , то принимают."
334,"Температура искр, образующихся при соударении металлов, способных вступать в химическое взаимодействие друг с другом с выделением значительного количества тепла, может превышать температуру плавления, и поэтому ее определяют экспериментально или расчетом."
335,"Так как температура пламени газовой горелки и время ее действия значительно превышают температуру воспламенения и время, необходимое для зажигания этиленовоздушной смеси, получаем, что."
336,"Нижний и верхний температурные пределы воспламенения нефти равны: ,."
337,"Определить категорию и класс взрывоопасной зоны помещения, в котором размещается технологический процесс с использованием ацетона 4.1."
338,"Из условия задачи следует, что рабочая концентрация паров в резервуаре выше верхнего концентрационного предела воспламенения, т.е. в резервуаре при неподвижном слое нефти находится негорючая среда."
339,Определим число ударов молнии во взрывоопасную зону.
340,Определить вероятность воздействия ОФП на людей при пожаре в проектируемой 15-этажной гостинице при различных вариантах системы противопожарной защиты 3.1.
341,"Допускается при определении заменять создание характерного пожароопасного режима на использование стандартизованного эквивалентного по тепловому воздействию источника зажигания, т.е. с эквивалентными параметрами, характеризующими воспламеняющую способность (мощность, площадь, периодичность и время воздействия)."
342,"Расчеты экономического эффекта могут использоваться при определении цен на научно-техническую продукцию противопожарного назначения, а также для обоснования выбора мероприятий по обеспечению пожарной безопасности при формировании планов научно-исследовательских и опытно-конструкторских работ, экономического и социального развития объектов."
343,"Эффективность затрат на обеспечение пожарной безопасности определяется как социальными (оценивает соответствие фактического положения установленному социальному нормативу), так и экономическими (оценивает достигаемый экономический результат) показателями."
344,Численное значение затрат на мероприятия по обеспечению пожарной безопасности определяется на основе бухгалтерской отчетности объекта защиты.
345,"Затраты на обеспечение пожарной безопасности следует считать эффективными с социальной точки зрения, если они обеспечивают выполнение норматива по исключению воздействия на людей опасных факторов пожара, установленного настоящим стандартом ( разд."
346,"Экономический эффект определяется по всему циклу реализации мероприятия по обеспечению пожарной безопасности за расчетный период времени, включающий в себя время проведения научно-исследовательских и опытно-конструкторских работ, освоение и производство элементов систем и мероприятий по обеспечению пожарной безопасности, а также время использования результатов осуществления мероприятия на охраняемом объекте."
347,Конечный год расчетного периода определяется моментом завершения использования результатов осуществления мероприятия.
348,Конечный год использования результатов мероприятия по обеспечению пожарной безопасности определяется разработчиком и согласовывается с основным заказчиком (потребителем).
349,"При этом должны учитываться возможности закупки техники за рубежом, организации собственного производства на основе приобретения лицензий, организации совместного производства с зарубежными партнерами."
350,Экономический эффект затрат на обеспечение пожарной безопасности определяется по результатам эксплуатации за расчетный период.
351,"В этом случае в качестве следует учитывать остаточную стоимость фондов; б) фонды в конце расчетного периода, отслужившие лишь часть своего срока службы и эффективно функционирующие."
352,"В этом случае в качестве следует учитывать остаточную стоимость фондов; в) фонды, высвобожденные за ненадобностью в году , которые нигде более по своему назначению использованы быть не могут."
353,В этом случае в качестве следует учитывать ликвидационное сальдо.
354,Экономические потери ( и ) от пожара на объекте за год могут быть определены на основании статистических данных о пожарах и использовании расчетного метода ( разд.
355,"Метод определения площади пожара Настоящий метод предназначен для определения площади пожара, значение которой необходимо при расчете потерь от пожара на объекте."
356,Параметры и условия испытаний для конкретного изделия должны содержаться в нормативно-технической документации на изделие.
357,"Комплектующие изделия (резисторы, конденсаторы, транзисторы, трансформаторы, клеммные зажимы, реле и т.д.) допускаются к применению, если они отвечают требованиям пожарной безопасности соответствующих нормативно-технических документов и для них определены интенсивности пожароопасных отказов, необходимые для оценки вероятности возникновения пожара в конечном изделии."
358,"Он должен быть из числа наиболее опасных в пожарном отношении режимов, которые возникают в эксплуатации и, по возможности, имеют наибольшую вероятность."
359,Вероятность возникновения характерного пожароопасного режима определяют статистически по данным испытательных лабораторий предприятий-изготовителей и эксплуатационных служб.
360,"При наличии соответствующих справочных данных может быть определена через общую интенсивность отказов изделия с введением коэффициента, учитывающего долю пожароопасных отказов."
361,"Характерный пожароопасный режим изделия определяется значением электротехнического параметра, при котором возможно появление признаков его загорания."
362,Зажигание изделия возможно только в определенном диапазоне токов КЗ.
363,Нахождение минимальных пожароопасных значений производится в ходе выполнения экспериментальных исследований при определении.
364,"Вероятность положительного исхода опыта (воспламенения, появления дыма или достижения критической температуры) определяется после проведения лабораторных испытаний в условиях равенства ; , (155) где - число опытов с положительным исходом; - число опытов."
365,"Фактор турбулизации - основной параметр, оказывающий определяющее влияние на величину безопасной площади разгерметизации."
366,"В одном помещении склада запрещается хранить вещества и материалы, имеющие неоднородные средства пожаротушения."
367,Более строгое определение конечной температуры капли может быть проведено при учете зависимости коэффициента теплоотдачи от температуры.
368,По значениям относительной избыточной температуры и критерия определяют по графику (черт.
369,"Нижний и верхний концентрационные пределы воспламенения нефтяных паров (по объему), (по объему)."
370,Вещества и материалы должны находиться в разных складах или на разных площадках.
371,Вещества и материалы должны находиться в разных складах или на разных площадках.
372,Вещества и материалы должны находиться в разных складах или на разных площадках. * Особоопасные вещества и материалы.
373,"Определить категорию производства, в котором находится участок обработки зерна и циклон для определения зерновой пыли в системе вентиляции 5.1."
374,"Основные строительные конструкции здания железобетонные, и предельно допустимый прирост давления для них составляет 25 кПа."
375,Дополнительно определяем среднее квадратическое отклонение.
376,"Требования не распространяются на взрывчатые и радиоактивные вещества и материалы, которые должны храниться и перевозиться по специальным правилам."
377,Безопасные вещества и материалы следует хранить в помещениях или на площадках любого типа (если это не противоречит техническим условиям на вещество).
378,"Возможность совместного хранения веществ и материалов определяется на основании количественного учета показателей пожарной опасности, токсичности, химической активности, а также однородности средств пожаротушения."
379,Опасные вещества и материалы необходимо хранить в складах I и II степени огнестойкости.
380,Особоопасные вещества и материалы необходимо хранить в складах I и II степени огнестойкости преимущественно в отдельно стоящих зданиях.
381,Влияние препятствий и турбулизаторов Вопрос о влиянии различных препятствий на пути распространения пламени и турбулентности в смеси перед фронтом пламени является одним из определяющих в выборе значения фактора турбулизации.
382,"Наиболее правильным методом определения значения фактора турбулизации при наличии внутри аппарата сложных препятствий и турбулизованной смеси можно считать метод, основанный на сравнении расчетной и экспериментальной динамики (зависимость давление - время) взрыва."
383,Погрешность же в определении значения фактора турбулизации может составлять сотни процентов.
384,"Термодинамические параметры , , определяют путем термодинамического расчета, например на компьютерах, по известным методикам."
385,"При проектировании систем сброса газообразных продуктов в случае взрыва газопаровых смесей внутри технологического оборудования необходимо принимать во внимание возможность интенсивного догорания эвакуируемой смеси в сбросном трубопроводе, являющегося причиной турбулизации горения внутри защищаемого объема."
386,"Значение коэффициента расширения по определению , где и - соответственно температура и молекулярная масса продуктов сгорания горючей смеси при начальных давлении и температуре."
387,"Коэффициент расхода Коэффициент расхода является эмпирическим коэффициентом, учитывающим влияние реальных условий истечения на величину расхода газа, определенную по известным теоретическим модельным соотношениям."
388,"Для сосудов со встроенными и подвижными элементами, влияние которых на значение фактора турбулизации не может быть в настоящее время оценено, например с использованием литературных данных или экспертным методом, выбор фактора турбулизации должен быть ограничен снизу значением."
389,ОПРЕДЕЛЕНИЕ НОРМАЛЬНОЙ СКОРОСТИ РАСПРОСТРАНЕНИЯ ПЛАМЕНИ И ТЕРМОДИНАМИЧЕСКИХ ПАРАМЕТРОВ 5.1.
390,Сказанное необходимо учитывать при значениях фактора турбулизации.
391,"В тех случаях, когда время срабатывания разгерметизирующего устройства соизмеримо с временем горения смеси в сосуде, при определении безопасной площади разгерметизации необходимо учитывать динамику вскрытия сбросного отверстия."
392,"Наиболее перспективным является экспериментально-расчетный метод оптимизации, позволяющий определять нормальную скорость в бомбе постоянного объема в широком диапазоне температур и давлений."
393,Необходимо определить безопасную площадь разгерметизации.
394,"Поэтому система сброса давления, включая трубопровод, должна быть снабжена системой орошения."
395,"Численные значения необходимых для расчетов вероятности возникновения пожара (взрыва) показателей надежности различных технологических аппаратов, систем управления, контроля, связи и тому подобных, используемых при проектировании объекта, или исходные данные для их расчета выбирают в соответствии с ГОСТ 2.106 , ГОСТ 2.118 , ГОСТ 2.119 , ГОСТ 2.120 , ГОСТ 15.001 <*> , из нормативно-технической документации, стандартов и паспортов на элементы объекта."
396,Необходимые сведения могут быть получены в результате сбора и обработки статистических данных об отказах анализируемых элементов в условиях эксплуатации. -------------------------------- <*> В Российской Федерации действует ГОСТ Р 15.201-2000.
