,text,target
0,Относительная погрешность измерения времени не должна превышать +/- 10%.,1.0
1,"Скорость нарастания давления не более 0,1 МПа/с.",1.0
2,"Продолжительность выдержки - не менее 5 мин. 7.6.3 Утечка в затворах не должна превышать значений, установленных для соответствующих классов герметичности по ГОСТ 9544.",
3,Продолжительность выдержки - не менее 3 мин. 7.5.2 Утечка воздуха через монтажные соединения и уплотнения комплектующего оборудования и трубопроводов не допускается.,
4,"Скорость нарастания давления - не более 0,5 МПа/с.",
5,При обнаружении резонансных точек устройство необходимо подвергать воздействию вибрации на каждой резонансной частоте в течение 30 мин.,
6,"Использование образцов раствора пенообразователя, полученных в результате осаждения готовой пены, не допустимо, так как может привести к получению недостоверных результатов. 7.10.1 Определение дозирования пенообразователя на основе измерения расхода воды и пенообразователя 7.10.1.1 Сущность данного способа состоит в измерении расхода воды и расхода пенообразователя с последующим вычислением величины дозирования пенообразователя. 7.10.1.2 Расход пенообразователя определяют одновременно с расходом воды при проведении испытаний по 7.9.",
7,Необходимо непрерывно отслеживать частоту вибраций от 5 до 40 Гц при темпе не более 5 мин/октава и амплитуде колебаний 1 мм.,
8,"Выбор способа определения кратности осуществляется разработчиком устройства. 7.11.2.1 Определение кратности способом взвешивания образца пены Сущность данного способа состоит в том, что плотность раствора пенообразователя с достаточной точностью может быть принята 1 кг/дм 3.",
9,"Если расхождение между полученным значением и вычисленным по 7.10.2.3 отличается более чем на 5%, требуется повторить испытания по 7.10.2.2 для определения новой калибровочной кривой.",
10,"Интервалы записи данных можно увеличить до 30 с, если время выделения из пены 25% жидкой фазы превышает 5 мин. 7.11.3.5 На основании полученных данных строят график зависимости времени от объема выделившегося из пены раствора и определяют показатель устойчивости как время выделения из пены такого объема раствора, масса которого составляет заданный процент от массы пены (25% или 50%).",
11,"Устройство считается выдержавшим испытания, если определенное при испытаниях значение дозирования соответствует указанному в ТД. 7.11 Определение кратности и устойчивости пены Кратность и показатель устойчивости определяют для образцов пены, собранных при работе устройства в установившемся режиме с параметрами, соответствующими ТД на устройство. 7.11.1 Сбор образцов компрессионной пены 7.11.1.1 Сбор образцов пены осуществляют с помощью специального коллектора.",
12,"Скорость нарастания давления - не более 0,1 МПа/с.",
13,"Запись данных должна продолжаться не менее чем на 30 с дольше того момента, когда количество жидкости превысит 1/10 объема контейнера, или когда вся пена перейдет в жидкость, в зависимости от того, что наступит раньше.",
14,"Допустимое расхождение между результатами наиболее отличающихся определений с доверительной вероятностью 0,95 должно быть не более 10% среднего значения. 7.11.2.2 Определение кратности способом взвешивания образцов пены и раствора Сущность данного способа состоит в том, что соотношение объемов пены и раствора, из которого эта пена получена, заменяют соотношением массы раствора, равного по объему пене, и массы пены.",
15,"Допустимое расхождение между результатами наиболее отличающихся определений с доверительной вероятностью 0,95 должно быть не более 10% среднего значения.",
16,"Допустимое расхождение между результатами наиболее отличающихся определений с доверительной вероятностью 0,95 должно быть не более 10% среднего значения. 7.11.2.3 Определение кратности пены способом измерения объема выпадающего раствора Данный способ основан на прямом измерении объема раствора, собранного после перехода 100% пены в жидкую фазу, поэтому он является наиболее точным.",
17,"При этом способ установки контейнера на цилиндр должен исключать возможность вытекания жидкости из контейнера за пределы мерного цилиндра. 7.11.3.4 Каждые 15 с осуществляют измерения объема жидкости, образовавшегося в нижней части мерного цилиндра.",
18,"Допустимое расхождение между результатами наиболее отличающихся определений с доверительной вероятностью 0,95 должно быть не более 10% среднего значения.",
19,"Уравнение данной функции является калибровочной кривой для определенного типа пенообразователя, качества воды и номинального процента дозирования пенообразователя. 7.10.2.3 Образцы раствора пенообразователя, по которым осуществляют оценку значения дозирования пенообразователя, получают в установившемся режиме работы устройства при температуре (21 +/- 2) °C.",
20,"Переполнение контейнера пеной не допускается. 7.11.2 Определение кратности компрессионной пены Для определения кратности сбор пены по 7.11.1 осуществляют в контейнеры вместимостью (1,8 +/- 0,2) дм 3.",
21,"Если ссылочный документ отменен без замены, то положение, в котором дана ссылка на него, применяется в части, не затрагивающей эту ссылку. 3 Термины, определения и сокращения 3.1 В настоящем стандарте применены следующие термины с соответствующими определениями: 3.1.1 3.1.2 установка пенного пожаротушения (foam fire extinguishing system): Установка пожаротушения, в которой в качестве огнетушащего вещества используют воздушно-механическую пену для пожаротушения локально-объемным или локально-поверхностным способом. 3.1.3 компрессионная пена (compressed air foam): Воздушно-механическая пена низкой кратности с однородной структурой, полученная путем смешивания воды, пенообразователя и воздуха (газа) под давлением.",
22,"Примечание - Требование устойчивости к климатическим воздействиям не распространяется на устройства, предназначенные к использованию внутри помещений. 4.2.15 Устройство должно обладать устойчивостью к воздействию вибрации частотой от 5 до 40 Гц и амплитудой колебания 1 мм, если это необходимо согласно условиям эксплуатации, транспортирования или хранения, указанным в ТД. 4.2.16 Конструкция входящих в состав устройства ручных задвижек, затворов и кранов должна позволять проводить их опломбирование в рабочем положении. 4.2.17 При осмотре ручных запорных устройств (задвижек, затворов и кранов) должна быть обеспечена возможность визуального контроля их состояния: ""Открыто"" - ""Закрыто"".",
23,"Категории, условия эксплуатации, хранения и транспортирования в части воздействия климатических факторов внешней среды ГОСТ 18321 Статистический контроль качества.",
24,"Нормы герметичности затворов ГОСТ 15150 Машины, приборы и другие технические изделия.",
25,Общие требования безопасности ГОСТ 12.2.037 Система стандартов безопасности труда.,
26,Требования безопасности ГОСТ 12.4.026 Система стандартов безопасности труда.,
27,Методы испытаний ГОСТ 12.4.124 Система стандартов безопасности труда.,
28,Эксплуатационные документы ГОСТ 12.2.003 Система стандартов безопасности труда.,
29,"Методы контроля герметичности затвора - по ГОСТ 33257 . 7.7 Проверка на устойчивость к климатическим воздействиям (4.2.14) 7.7.1 Настоящую проверку проводят, если требования 4.2.14 распространяются на данное проверяемое устройство. 7.7.2 Устойчивость устройства к климатическим воздействиям (4.2.14) проверяют в климатических камерах, при этом устройство должно находиться в обесточенном состоянии. 7.7.3 Испытания на холодо- и теплоустойчивость проводят при температуре в соответствии с исполнением и категорией по ГОСТ 15150 (теплоустойчивость - не ниже 50 °C).",
30,"Для этого готовят образцы раствора пенообразователя объемом 100 мл в трех концентрациях: номинальной концентрации, номинальной концентрации плюс один (или два) процента, номинальной концентрации минус один (или два) процента.",
31,Примечание - При вычислении объема раствора допускается принимать плотность раствора равной 1 кг/дм 3 . 7.11.3.6 За результат принимают среднеарифметическое значение времени выделения из пены заданного процента жидкой фазы (25% или 50%) для двух (или более) контейнеров.,
32,"Методы контроля герметичности - по ГОСТ 33257 . 7.6 Испытания на герметичность затворов (4.2.13) 7.6.1 Герметичность затворов запорной арматуры устройства проверяют в положении, соответствующем дежурному режиму. 7.6.2 Вид испытательной среды и испытательное давление устанавливают в зависимости от рабочей среды арматуры: - для арматуры, которая по условиям эксплуатации находится под давлением воды, испытательная среда - вода, испытательное давление P исп = 1,1 P р ; - для арматуры, которая по условиям эксплуатации находится под давлением пенообразователя, испытательная среда - вода, испытательное давление P исп = 1,1 P ПО , где P ПО - давление в линии подачи пенообразователя в дежурном режиме; - для арматуры, которая по условиям эксплуатации находится под давлением воздуха (газа), испытательная среда - воздух, испытательное давление равно (0,60 +/- 0,1) МПа.",
33,"Поэтому при использовании соленой воды следует осуществлять измерение величины дозирования по методике 7.10.1 . 7.10.2.2 До начала испытаний для каждого типа пенообразователя и для каждого номинального значения дозирования определяют эталонную (калибровочную) кривую зависимости электропроводности раствора пенообразователя от концентрации пенообразователя, содержащегося в растворе.",
34,За результаты испытаний принимают среднеарифметическое значение не менее чем трех измерений. 7.10.1.5 Допускается применение иных метрологически аттестованных методик измерения расхода пенообразователя.,
35,Предварительно проводят тарировку уровнемера для определения объема жидкости в единице деления любым удобным для испытателя способом.,
36,"Снятие показаний с расходомера осуществляют в стационарном режиме, когда значения давления перед устройством и за ним будут соответствовать значениям, заданным в ТД. 7.10.1.3 Допускается также определять расход пенообразователя с использованием уровнемера, установленного на емкости с пенообразователем.",
37,"Если заменен ссылочный документ, на который дана датированная ссылка, то следует использовать указанную версию этого документа.",
38,Допускается совмещать определение различных показателей в одном испытании. 6.5 При получении неудовлетворительных результатов хотя бы по одному из показателей должны быть проведены повторные испытания удвоенного количества устройств для проверки указанного показателя.,
39,"Общие требования к организации и методам контроля качества"". 7.1.4 Допустимая погрешность приборов и оборудования, используемых при проведении испытаний, должна быть в пределах, приведенных в таблице 7.1.",
40,"При работе устройства в стационарном режиме, когда значения давления перед и за устройством соответствуют значениям, заданным в ТД, определяют начальное и конечное показания уровня в мерной трубке за заданное время. 7.10.1.4 Расход пенообразователя Q ПО , дм 3 /с, рассчитывают по формуле Q ПО = q ·( N н - N к )/ t , (7.1) где q - цена деления мерной трубки, дм 3 /дел.; N н ; N к - начальное и конечное значения делений на мерной трубке; t - время испытаний, с.",
41,В этом случае методика измерения расхода воды определяется изготовителем. 7.10 Проверка дозирования пенообразователя Проверку дозирования пенообразователя осуществляют одним из следующих способов: - измерением расхода воды и пенообразователя (7.10.1) ; - измерением проводимости раствора (7.10.2).,
42,За результаты испытаний принимают среднеарифметическое значение не менее чем трех измерений. 7.9.2 Допускается применение иных метрологически аттестованных методик измерения расхода воды.,
43,Значение давления испытательной среды устанавливают не менее рабочего давления на вводе в устройство.,
44,"Каждый образец раствора должен быть помещен в пластиковую емкость с крышкой, промаркирован и тщательно перемешан, например с использованием магнитной мешалки.",
45,"Контейнеры, заполненные пеной по 7.11.1 , закрывают во избежание испарения и оставляют на время, необходимое для перехода всего количества пены в раствор.",
46,"Предварительно, до измерения массы контейнеров, необходимо увлажнить контейнеры внутри, а затем измерить массу пустых увлажненных контейнеров, после чего осуществить сбор пены в них.",
47,Количество контейнеров - не менее двух.,
48,Объем контейнеров и масса каждого из них должны быть измерены до начала испытаний с точностью в соответствии с 7.1.4.,
49,"При этом следует использовать те же воду и пенообразователь, что и при испытаниях устройства.",
50,"Для полученного калибровочного графика определяют аппроксимирующую функцию, при этом коэффициент детерминации R 2 должен быть не менее 0,95.",
51,"Затем с помощью кондуктометра, следуя руководству по его эксплуатации, измеряют проводимость полученных образцов и по имеющейся калибровочной кривой определяют искомое значение процента дозирования пенообразователя. 7.10.2.4 Завершающим этапом испытаний является приготовление нового образца раствора, концентрация пенообразователя в котором соответствует концентрации, вычисленной по 7.10.2.3.",
52,"Контейнер должен быть заполнен полностью, равномерно, без образования пустот.",
53,"Момент начала истечения испытательной среды необходимо определять с помощью датчиков давления, аудио- и видеозаписи или другими объективными методами контроля.",
54,"При этом следует использовать те же воду и пенообразователь, что и при испытаниях устройства.",
55,Определение кратности пены проводят одним из следующих способов: - взвешиванием образца пены (7.11.2.1) ; - взвешиванием образцов пены и раствора (7.11.2.2) ; - измерением объема выпадающего раствора (7.11.2.3).,
56,По окончании сбора пены определяют массу m i собранной в каждом контейнере пены как разность масс заполненного и пустого контейнеров и объем V i пены как объем контейнера.,
57,"Критерием предельного состояния устройств считают такое их техническое состояние, при котором восстановление работоспособности устройства невозможно или нецелесообразно. 7.17.2 Показатель установленной безотказной наработки проверяют на соответствие требованиям 4.5.1 наработкой циклов.",
58,Массу раствора m pi в i -м контейнере определяют как разность масс заполненного и пустого контейнеров.,
59,"При этом должно быть обеспечено: создание и регулирование предусмотренного ТД диапазона рабочих давлений на входе и выходе устройства; расход воды и пенообразователя, требуемый для испытаний; контроль значений проверяемых показателей. 7.1.3 Испытательные среды: при гидравлических испытаниях - вода питьевая по нормативному документу государства, принявшего настоящий стандарт <1> ; при пневматических - воздух или газ согласно ТД изготовителя. -------------------------------- <1> В Российской Федерации действует ГОСТ Р 51232-98 ""Вода питьевая.",
60,Температура раствора должна составлять (21 +/- 2) °C.,
61,"Испытание образцов проводят при температуре окружающего воздуха от 10 °C до 40 °C, скорости его движения не более 0,5 м/с и относительной влажности (60 +/- 15)%, измеренных на расстоянии от 1 до 1,5 м от поверхности образца. 9.2.",
62,"Длина образцов должна быть не менее 2,4 м, ширина - не менее 1,3 м, толщина - по технической документации. 6.4.",
63,"Продолжительность огневого воздействия на образцы конструкций должна соответствовать минимальному требуемому пределу огнестойкости испытываемой конструкции, но не превышать 45 мин.",
64,"Способность к воспламенению газов, выделяющихся при термическом разложении материалов образца, проверяют посредством поднесения горящего факела к местам выхода этих газов на необогреваемые поверхности образца не реже чем через каждые 5 мин испытания и через каждую минуту - при появлении вспышек газа; длина намотки факела должна быть не менее 150 мм, а диаметр - не менее 40 мм.",
65,"Допускается определять размер повреждения по результатам испытания одного образца, если этот размер отличается от допускаемого, приведенного в таблице 1 , более чем на 15%.",
66,"В случае различия результатов испытаний двух одинаковых образцов более чем на 15% проводят третье испытание, при этом размер повреждения определяют как среднеарифметическое значение по результатам испытаний двух образцов, имеющих наибольшие размеры повреждения.",
67,"При отсутствии вышеуказанных протоколов испытаний и при необходимости использования показателей пожарной опасности материалов для классификации конструкции по пожарной опасности должны представляться образцы материалов, из которых изготовлена конструкция, для испытаний на горючесть, воспламеняемость и дымообразующую способность по 4.2 и 4.3 с соответствующей документацией.",
68,"При этом среднее отклонение температуры от стандартного режима при калибровке не должно превышать следующих значений, %: +/- 7,5 - в течение 10 мин от начала испытания; +/- 5 - после 10 мин от начала испытания. 7.4.",
69,"В случае необходимости по требованию испытательной лаборатории в процессе изготовления образцов для испытаний следует проводить отбор проб материалов, в том числе негорючих, из которых изготовляют образцы, для проведения идентификационного и калориметрического контроля в соответствии с нормативными документами <*>.",
70,"Рекомендуемая площадь сечения проема (зазора) между обогреваемой поверхностью калибровочного образца и торцом перекрытия (перегородки), разделяющего огневую и тепловую камеры печи, - 0,05 м2. 7.6.",
71,"При этом отклонение средней температуры, измеренной термопарами 19 - 21 по зависимости (1) , не должно превышать следующих значений, %: 15 - в течение 10 мин от начала калибровки; 10 - после 10 мин от начала калибровки. 7.5.",
72,"Одна и та же конструкция может принадлежать к различным классам пожарной опасности в зависимости от времени теплового воздействия, например: К0(15) - конструкция класса К0 при времени теплового воздействия 15 мин; К1(30) - конструкция класса К1 при времени теплового воздействия 30 мин; К2(45) - конструкция класса К2 при времени теплового воздействия 45 мин; К1(30)/К3(45) - конструкция класса К1 при времени теплового воздействия 30 мин и класса К3 при времени теплового воздействия 45 мин. 10.5.",
73,"Пожарную опасность конструкции характеризуют: - наличием теплового эффекта (но не его значением) от горения материалов образца, который выражается в превышении температуры в тепловой камере по сравнению с верхней допустимой границей температурного режима, установленного в 7.4 ; - наличием пламенного горения газов, выделяющихся при термическом разложении материалов образца, продолжительностью более 5 с; - наличием горящего расплава при продолжительности его горения более 5 с; - размером повреждения образца в контрольной зоне с учетом условий 9.15 . 10.2.",
74,"Повреждением считается обугливание, оплавление и выгорание материалов, из которых изготовлена конструкция, на глубину более 2 мм.",
75,"Калибровку печи проводят: - после 10 испытаний; - при изменении конструкции или футеровки печи; - при изменениях в системе подачи и сжигания топлива; - при замене типа топлива; - при температуре окружающей среды во время испытания образца, отличающейся более чем на 10 °C от температуры среды при проведении предшествующей калибровки. 7.8.",
76,"Материалы и детали образцов, подлежащих испытанию, в том числе стыковые соединения ограждающих конструкций, должны соответствовать технической документации на их изготовление и применение. 6.5.",
77,Термины и определения В настоящем стандарте применяют следующие термины с соответствующими определениями: 3.1.,
78,"Если ссылочный стандарт заменен (изменен), то при пользовании настоящим стандартом следует руководствоваться заменяющим (измененным) стандартом.",
79,Номенклатура показателей и методы их определения ГОСТ 6616-94.,
80,"Для испытаний на пожарную опасность стержневых, в том числе слоистых, конструкций (колонн, балок, ферм, арок, рам, связей, воздуховодов и трубопроводов) допускается изготавливать плоские образцы, в которых расположение слоев и их толщина должны быть такими же, как и в стержневых конструкциях (для металлических элементов - по приведенной толщине). 6.3.",
81,"Образцы не должны иметь проемов, а также декоративной отделки или облицовки. 6.2.",
82,"Образцы конструкций для испытаний, включая стыки и их заполнение, должны быть изготовлены в соответствии с технической документацией на изготовление и применение конструкций.",
83,"Сущность метода заключается в определении показателей пожарной опасности конструкции при ее испытании в условиях теплового воздействия, установленных настоящим стандартом, в течение времени, определяемого требованиями к этой конструкции по огнестойкости. 4.2.",
84,"Горючесть материала устанавливают по ГОСТ 30244 , воспламеняемость - по ГОСТ 30402 , дымообразующую способность - по ГОСТ 12.1.044 , а при необходимости рекомендуется контролировать путем их идентификационного анализа и калориметрического анализа по действующим нормативным документам. 5.",
85,В огневой камере установки термопары следует размещать в соответствии с ГОСТ 30247.0 . 8.3.2.,
86,"К образцам должны быть приложены комплект технической документации на испытуемую конструкцию, документация, по которой изготовлены образцы, а также официальные протоколы испытаний материалов, из которых выполнена конструкция, на пожарную опасность.",
87,После остывания образца проводят его обследование с целью определения и регистрации размеров повреждения в контрольной зоне.,
88,"Конструкции, имеющие в проектном положении уклон менее 30°, следует испытывать в вертикальном положении, остальные - в горизонтальном. 9.5.",
89,"Расстояние от термопар, устанавливаемых по перечислениям в) и д) , до торца или стыка образца должно быть не менее 1/2 его толщины. 9.",
90,Образцы внутренних стен и перегородок несимметричного сечения следует испытывать при воздействии огня с каждой стороны либо со стороны с заведомо большей пожарной опасностью.,
91,"Для испытания конструкции одного типа должны быть, как правило, изготовлены два одинаковых образца.",
92,"При передаче заказчиком образцов конструкций испытательной лаборатории обеими сторонами составляется акт о соответствии образца требованиям технической документации на испытываемую конструкцию, а в случае необходимости - акт отбора проб материалов для проведения идентификационного и калориметрического контроля. 7.",
93,Калибровочные образцы должны соответствовать требованиям ГОСТ 30247.0 . 7.3.,
94,"Температуру в огневой камере следует регистрировать по показаниям термопар, установленных в соответствии с 8.3.1 . 9.9.",
95,"В процессе испытания следует регистрировать следующие параметры, по которым определяется класс пожарной опасности конструкции: - температуру в огневой и тепловой камерах для определения наличия теплового эффекта; - способность к воспламенению газов, выделяющихся при термическом разложении материалов образца; - образование горящего расплава. 9.8.",
96,"Образование горящего расплава контролируют визуально по наличию горящих капель, вытекающих из торцов образца или стекающих по поверхности образца в пределах контрольной зоны. 9.12.",
97,"Факел должен иметь держатель, обеспечивающий его безопасное использование. 9.11.",
98,"Температуру в тепловой камере следует регистрировать по показаниям термопар, установленных в соответствии с 8.3.2 . 9.10.",
99,При измерении размеров повреждения слоистых конструкций необходимо путем вскрытия обследовать все слои конструкции. 9.14.,
100,Рекомендуется определять глубину и площадь обугливания горючих материалов в пределах огневой камеры с занесением этих данных в протокол испытания. 9.15.,
101,Размер повреждения конструкции определяют как среднеарифметическое значение по результатам испытания двух одинаковых образцов.,
102,Отбор проб проводится совместно представителями испытательной лаборатории и заказчика. -------------------------------- <*> В Российской Федерации действует ГОСТ Р 53296-2009 . 6.7.,
103,При проведении калибровки испытательной установки к огневой камере крепят фрагмент стены без образцов защитно-декоративных систем. 5.7 Параметры теплового режима и параметры факела пламени на внешней стороне фрагмента стены при калибровке установки должны соответствовать требованиям раздела 7.,
104,"Интервал времени регистрации показаний тепломеров не должен превышать 10 с, термопар - 60 с. 6 Образцы конструкций для испытаний 6.1 Испытанию подвергают два образца.",
105,"А.4.2 При изменении в процессе выполнения ТА массы образца идентифицируемого материала на 10% и более следует обеспечить такие условия выполнения ТА, чтобы изменение значений регистрируемых параметров было не более 5%.",
106,"Остальные значения фиксированной потери образцом относительной массы определяют по достаточно характерным точкам на ТГ-зависимости, например, 5%, 10%, 50%, 96%.",
107,"При этом первое значение потери образцом относительной массы , %, следует принимать равным 0,5%, фиксируя соответствующую ему температуру , °C, а конечное , %, - следует определять при температуре, соответствующей окончанию всех контролируемых при ТА явлений, но не ниже 750 °C.",
108,"А.5.3 Потерю массы идентифицируемого материала [см. А.1.1, перечисление а) ] рекомендуется также характеризовать потерей относительной массы , %, при фиксированных значениях температуры °C, по достаточно характерным точкам на ТГ-зависимости, аналогично выделяя на ней не менее пяти характерных точек, например, 350 °C, 400 °C, 420 °C, 550 °C, 670 °C.",
109,"При этом допускается не включать в протокол испытаний сведения о воспламеняемости и дымообразующей способности материалов. 11.2 К протоколу испытаний должны быть приложены протоколы идентификационного контроля материалов (см. приложения А и Б ), применяемые при изготовлении образца испытуемой конструкции, пробы которых отбирают в соответствии с 6.9 . 11.3 В протоколе испытаний в соответствии с 5.7 должна быть сделана запись о виде использованного топлива и условиях его сжигания.",
110,А.3 Подготовка к проведению испытаний образцов идентифицируемого материала А.3.1 Для идентификационного контроля отбирают не менее пяти проб материала объемом не менее 1 см 3 каждая: - не менее чем из трех проб изготавливают образцы для выполнения ТА; - не менее двух проб оставляют на контрольное хранение.,
111,А.3.4 Массу и размеры образцов определяют с учетом технических требований инструкции по эксплуатации используемого для выполнения ТА прибора.,
112,"А.4 Проведение испытаний образцов А.4.1 Рекомендуемые условия выполнения ТА: - начальная температура в реакционной зоне (тигельном пространстве) от 25 °C до 30 °C; - конечная температура в реакционной зоне (тигельном пространстве) должна быть (750 +/- 5) °C или равняться температуре, соответствующей окончанию всех контролируемых при выполнении ТА явлений (см. раздел А.5 ); - скорость нагревания среды в реакционной зоне (тигельном пространстве) должна быть (20 +/- 0,6) °C/мин; - газовая среда - проточный воздух.",
113,"Приложение В (обязательное) СОДЕРЖАНИЕ АКТА КАЛИБРОВКИ УСТАНОВКИ ДЛЯ ИСПЫТАНИЯ ОБРАЗЦОВ КОНСТРУКЦИЙ В акте калибровки приводят следующие сведения: - дату калибровки; - место калибровки; - идентификационные данные об установке; - причину проведения калибровки; - температуру и влажность окружающей среды, скорость движения воздуха, измеренные на расстоянии 1 - 1,5 м от поверхности образца; - данные о виде и партии топлива, используемого при калибровке (порода древесины, марка жидкого или газообразного топлива, наименование поставщика топлива и дата поставки); - данные о весовой влажности, геометрических размерах брусков древесины и схему их укладки в огневой камере установки; - данные об общей массе топлива, израсходованного при калибровке, а также график нарастающего расхода жидкого и газообразного топлива в зависимости от времени, с интервалом измерения не более 1 мин в течение всего времени калибровки; - условия сжигания топлива, в том числе расположение и размеры вентиляционных отверстий в ограждениях огневой камеры, время и способ регулирования условий газообмена огневой камеры в процессе испытания; - графики изменения температур, регистрируемые термопарами в точках 1 - 7, и графики изменения плотности теплового потока, регистрируемые тепломерами в точках Д1 и Д2; - суммарное значение удельного теплового потенциала установки по 7.8 ; - видео- или фотоматериалы по калибровке установки.",
114,А.3.5 Для материалов с потерей массы образца в процессе выполнения ТА 10% и более массу образца рекомендуется принимать близкой к максимально возможной для используемого прибора.,
115,"В случае отличия значения хотя бы одного из измеренных значений параметра (см. раздел А.5 ) более чем на 5%, проводят третье испытание и вычисляют среднеквадратичное отклонение.",
116,"А.5.4 Параметр скорости потери массы идентифицируемого материала [см. А.1.1, перечисление б) ] характеризуют величиной A , % в минуту: , (А.1) где m - относительная масса образца материала, %; t - время, мин; V - скорость нагрева образца, °C в минуту; T - температура образца, °C.",
117,"Показания термопар и тепломеров следует регистрировать с теми же интервалами времени, что и при калибровке. 9.3 После окончания испытания образец оставляют для остывания (вместе с огневой камерой) до температуры окружающей среды. 9.4 В процессе испытания регистрируют показания установленных датчиков, а также следующие события и время их реализации, характеризующие пожарную опасность испытуемой конструкции: а) распространение горения по поверхности образца; б) воспламенение газов, выделяющихся при термическом разложении материалов, примененных при изготовлении образца, по его торцам; в) образование горящего расплава и (или) частиц, приводящее к воспламенению рубероида, расположенного в соответствии с 5.5 у основания образца; при падении горящих элементов образца только на нижний откос его открытого оконного проема или если их размеры заведомо больше размеров горящих элементов, падающих перед образцом конструкции на рубероид, наиболее крупные из них по размерам следует незамедлительно сбрасывать с откоса открытого оконного проема на рубероид с целью выявления возможности его воспламенения; г) высоту факела пламени; д) обрушение элементов образца. 9.5 События, перечисленные в 9.4 , и время их реализации фиксируют визуально и с помощью фото- и видеосъемки. 9.6 Кроме событий, указанных в 9.4 , в процессе испытания следует регистрировать: - время появления и характер развития в образце трещин, отверстий, отслоений; - время изменения цвета и плотности дыма, выделяющегося из материалов, примененных при изготовлении образца, вследствие их горения или термического разложения; - время появления и изменения интенсивности запахов, характерных для термического разложения органических материалов образца; - другие внешне проявляющиеся особенности реакции образца на тепловое воздействие.",
118,Общие требования и номенклатура видов защиты ГОСТ 12.1.033-81 Система стандартов безопасности труда.,
119,Общие санитарно-гигиенические требования к воздуху рабочей зоны ГОСТ 12.1.019-79 Система стандартов безопасности труда.,
120,Технические условия ГОСТ 30244-94 Материалы строительные.,
121,Общие требования ГОСТ 12.1.005-88 Система стандартов безопасности труда.,
122,"Образец изготавливают в соответствии с технической документацией на испытуемую систему, в том числе с узлами сопряжения защитно-декоративных систем с оконными проемами. 6.5 Требуемую влажность образцов конструкции следует обеспечивать в соответствии с требованиями ГОСТ 30247.0, раздел 7 . 6.6 Изготовление образцов испытуемых конструкций выполняет заказчик испытаний. 6.7 В процессе изготовления и монтажа образцов испытуемых конструкций, помимо расположения термопар и тепломеров, предусмотренных разделом 7 , по решению испытательной лаборатории устанавливают термопары и тепломеры для получения дополнительной информации о распределении температуры и тепловых потоков на поверхности и по толщине образцов. 6.8 При использовании в конструкции горючих материалов (по ГОСТ 30244 ) в процессе изготовления образцов конструкций следует проводить отбор проб горючих материалов для проведения идентификационного контроля в соответствии с приложениями А и Б.",
123,"При измерении размеров повреждения материалов образца необходимо обследовать все слои и элементы образца путем его вскрытия. 9.8 Размеры повреждения материалов образца измеряют в сантиметрах в плоскости образца по вертикали вверх от верхнего обреза открытого проема фрагмента или образца конструкции, перпендикулярно к нему, до наиболее удаленной точки повреждения материала образца, его слоев и элементов. 9.9 Повреждением считают обугливание материалов, из которых выполнен образец, на глубину 2 мм и более, их оплавление с признаками горения - обугливанием или образованием расплава черного цвета при светлых тонах окраски исходного материала. 9.10 Повреждением не считается обрушение, отличающееся от параметров, указанных в 10.1, перечисление в) , изменение цвета и оплавление материалов при отсутствии признаков горения, указанных в 9.9.",
124,"А.2.2 Для выполнения ТА рекомендуется использовать приборы модульного или совмещенного типов, а также другие приборы, отвечающие следующим требованиям: - интервал температур нагрева образцов - не менее чем от 25 °C до 1000 °C; - интервал скорости нагревания образца - от 5 °C до 20 °C в минуту; - точность измерения температур в диапазоне от 50 °C до 1000 °C не менее 3%; - точность измерения разности температур образца и эталона не менее 0,2 °C; - возможность подачи в реакционную зону (тигельное пространство) воздуха с расходом, рекомендуемым инструкцией по использованию данного типа прибора и тиглей; - точность измерения массы образца должна быть не менее 1,5%.",
125,1 Область применения 2 Нормативные ссылки 3 Термины и определения 4 Основные положения 5 Оборудование для испытаний 6 Образцы конструкций для испытаний 7 Калибровка установки 8 Подготовка к проведению испытания 9 Проведение испытания 10 Оценка результатов испытания 11 Протокол испытания Приложение А.,
126,"Термины и определения Примечание - При пользовании настоящим стандартом целесообразно проверить действие ссылочных стандартов по указателю ""Национальные стандарты"", составленному по состоянию на 1 января текущего года, и по соответствующим информационным указателям, опубликованным в текущем году.",
127,Метод определения пожарной опасности СТ СЭВ 383-87 Пожарная безопасность в строительстве.,
128,Термины и определения ГОСТ 10923-93 Рубероид.,
129,"Если ссылочный стандарт заменен (изменен), то при пользовании настоящим стандартом следует руководствоваться заменяющим (измененным) стандартом.",
130,Из проб неоднородных материалов готовят не менее трех усредненных образцов путем измельчения не менее трех проб до порошкообразного состояния и тщательного перемешивания.,
131,Перед использованием каждой новой партии древесины следует предварительно проводить калибровку испытательной установки с древесиной новой партии.,
132,В пределах конкретной партии древесина должна быть одного вида и сорта.,
133,Весовую влажность древесины следует контролировать в день проведения калибровки установки или испытаний образцов конструкций. 5.9 Для обеспечения требуемых параметров теплового воздействия на внешнюю сторону калибровочного образца или образца испытуемой стены допускается применение жидкого и газообразного видов топлива.,
134,"Горизонтальные торцы вентилируемых систем теплоизоляции или облицовок, выполненных на фрагменте стены или на образцах испытуемых стен, должны быть открытыми на всю ширину, а вертикальные торцы - закрытыми на всю высоту. 6.4 Для установления класса пожарной опасности защитно-декоративных систем, как конструкции по 1.1 , образец выполняют на фрагменте стены, соответствующем требованиям 5.3.",
135,"Возможность испытания одного образца устанавливает испытательная лаборатория с учетом 10.2 ГОСТ 30403. 6.2 Размеры, кроме толщины, основной части испытуемого образца конструкции стены, в том числе размеры и расположение имитации оконного проема, размеры и расположение открытого проема без заполнения должны соответствовать размерам и расположению тех же элементов фрагмента стены.",
136,Всю партию следует приобретать у одного поставщика.,
137,"А.5.2 Потерю массы идентифицируемого материала [см. А.1.1, перечисление а) ] характеризуют фиксированными на ТГ-зависимостях значениями потери образцом относительной массы , %, , %), число которых должно быть не менее пяти, и соответствующими им значениями температур °C - °C.",
138,В этом случае значение параметра определяют как среднеарифметическое значение.,
139,А.4.3 Для получения значений регистрируемых при выполнении ТА параметров проводят испытания не менее двух образцов материала.,
140,"По ДТГ-зависимости определяют значения локальных максимумов скорости потери массы образцом идентифицируемого материала , %/мин, и соответствующие им температуры , °C.",
141,"По ДТА-зависимости определяются значения относительного выделения или поглощения тепла , °C·мин/мг, в области температур, прилегающих к температурам , где i - порядковый номер локального максимума экзо- или эндотермического эффекта.",
142,Приложение Б (обязательное) МЕТОД КАЛОРИМЕТРИИ ДЛЯ ИДЕНТИФИКАЦИОННОГО КОНТРОЛЯ МАТЕРИАЛОВ При проведении идентификационных испытаний материалов методом калориметрии следует руководствоваться положениями [1] и [2].,
143,Ниже представлен образец оформления протокола идентификационного контроля материалов по методу калориметрии путем определения низшей теплоты сгорания.,
144,Акт калибровки испытательной установки вместе с видео- и фотоматериалами калибровки должен быть заверен руководителем испытательной лаборатории и предъявляться заказчику испытаний и представителям надзорных органов по их требованию.,
145,"Метод определения уровня обеспечения пожарной безопасности людей приведен в Приложении 2 <*>. -------------------------------- <*> Приведенные в Приложениях 2 , 3 и 5 стандарта методы могут изменяться с согласия головной организации в области пожарной безопасности - ВНИИПО МВД СССР. 1.3.",
146,"Табличное значение интенсивности движения в дверном проеме при плотности потока 0,9 и более, равное 8,5 м/мин, установлено для дверного проема шириной 1,6 м и более, а при дверном проеме меньшей ширины интенсивность движения следует определять по формуле.",
147,"Проем, расположенный в стене толщиной более 0,7 м, а также тамбур следует считать самостоятельным участком горизонтального пути, имеющим конечную длину.",
148,"При отсутствии необходимых исходных данных для определения времени начала эвакуации в зданиях (сооружениях) без систем оповещения величину следует принимать равной 0,5 мин - для этажа пожара и 2 мин - для вышележащих этажей.",
149,"Механические (фрикционные) искры (искры от удара и трения) Размеры искр удара и трения, которые представляют собой раскаленную до свечения частичку металла или камня, обычно не превышают 0,5 мм, а их температура находится в пределах температуры плавления металла.",
150,"Если выбранное и вычисленное значения отличаются более чем на 5%, то вычисление необходимо повторить.",
151,"Вероятность ( ) при расчете ( ) и ( ) вычисляют по формуле (49) , причем значения параметров и в формулах ( 50 и 51 ) необходимо увеличить на 100 м. 3.1.9.",
152,"Коэффициент теплоотдачи определяют в следующей последовательности: а) вычисляют число Рейнольдса по формуле , (77) где - диаметр капли, м; - коэффициент кинематической вязкости воздуха при температуре 20 °C, ; б) вычисляют критерий Нуссельта по формуле ; (78) в) вычисляют коэффициент теплоотдачи по формуле , (79) где - коэффициент теплопроводности воздуха,.",
153,"Сосуд объемом 4 м3 без встроенных внутрь элементов для хранения бензола, рассчитанный на максимальное абсолютное давление 0,2 МПа, необходимо оснастить надежной системой сброса давления взрыва с отводом продуктов взрыва по трубопроводу в безопасное место.",
154,"Отсюда нетрудно вычислить, что диаметр предохранительной мембраны должен быть равен 0,5 м.",
155,"Требуется определить безопасную площадь разгерметизации при условии, что реактор рассчитан на избыточное давление 0,4 МПа (абсолютное давление 0,5 МПа).",
156,"В лабораторном сосуде объемом 0,01 м3, рассчитанном на давление 2,0 МПа и имеющем сбросное отверстие для установки предохранительной мембраны диаметром 2,5 см, проводят исследования по определению нормальных скоростей распространения пламени для стехиометрических метановоздушных смесей при различных давлениях.",
157,Время автоматического отключения циклона не более 2 мин.,
158,"Расчетное время эвакуации , определенное в соответствии с теми же нормами, равно 0,47 мин.",
159,"Нижний концентрационный предел воспламенения этилена ( в смеси с воздухом равен 2,75%, поэтому, в соответствии с СНиП II-90-81 : производство по взрывной, взрывопожарной и пожарной опасности относится к категории А, то есть в цехе возможно возникновение как пожара, так и взрыва.",
160,"Горизонтальное расстояние между ними должно соответствовать требованиям нормативных документов, но быть не менее 10 м. 3.",
161,"Горизонтальное расстояние между ними должно соответствовать требованиям нормативных документов, но быть не менее 5 м. 2.",
162,"Горизонтальное расстояние между ними должно соответствовать требованиям нормативных документов, но быть не менее 5 м. 2.",
163,"Горизонтальное расстояние между ними должно соответствовать требованиям нормативных документов, но быть не менее 10 м. 3.",
164,"Горизонтальное расстояние между ними должно соответствовать требованиям нормативных документов, но быть не менее 5 м. 2.",
165,"Горизонтальное расстояние между ними должно соответствовать требованиям нормативных документов, но быть не менее 10 м. 3.",
166,"Погрешность определения диаметра сбросного сечения по инженерным формулам (158) , (159) в сравнении с точным компьютерным решением системы дифференциальных уравнений динамики развития взрыва составляет около 10%. 3.",
167,"Требуется определить, до какого максимального начального давления можно подавать в сосуд горючую смесь, чтобы после ее воспламенения в центре сосуда давление взрыва не превысило допустимого давления 2,0 МПа.",
168,"Выбрав в качестве значения коэффициента расхода , получаем выражение , т.е. диаметр сбросного трубопровода должен составлять около 0,7 м, что слишком много для сосуда, эквивалентный диаметр которого (диаметр сферы объемом 4 м3) 1,97 м.",
169,"Предотвращение образования в горючей среде источников зажигания должно достигаться применением одного из следующих способов или их комбинацией: применением машин, механизмов, оборудования, устройств, при эксплуатации которых не образуются источники зажигания; применением электрооборудования, соответствующего пожароопасной и взрывоопасной зонам, группе и категории взрывоопасной смеси в соответствии с требованиями ГОСТ 12.1.011 <*> и Правил устройства электроустановок; -------------------------------- <*> В Российской Федерации действуют ГОСТ Р 51330.2-99 , ГОСТ Р 51330.5-99 , ГОСТ Р 51330.11-99 , ГОСТ Р 51330.19-99 . применением в конструкции быстродействующих средств защитного отключения возможных источников зажигания; применением технологического процесса и оборудования, удовлетворяющих требованиям электростатической искробезопасности по ГОСТ 12.1.018 ; устройством молниезащиты зданий, сооружений и оборудования; поддержанием температуры нагрева поверхности машин, механизмов, оборудования, устройств, веществ и материалов, которые могут войти в контакт с горючей средой, ниже предельно допустимой, составляющей 80% наименьшей температуры самовоспламенения горючего; исключением возможности появления искрового разряда в горючей среде с энергией, равной и выше минимальной энергии зажигания; применением неискрящего инструмента при работе с легковоспламеняющимися жидкостями и горючими газами; ликвидацией условий для теплового, химического и (или) микробиологического самовозгорания обращающихся веществ, материалов, изделий и конструкций.",
170,"Учитывая, что из всей массы этилена, вышедшего в объем помещения, только 70% участвуют в образовании локального взрывоопасного облака, время образования этого облака и время его существования после устранения утечки этилена будет равно:.",
171,"Время истечения этилена при имевших место авариях за анализируемый период времени было равно 4,5, 5 и 5,5 мин.",
172,Приложение 6 Справочное ПРИМЕРЫ РАСЧЕТА 1.,
173,Данные для расчета В качестве пожароопасного объекта взят резервуар с нефтью объемом 20000 м3.,
174,"Так как температура колбы электролампочки мощностью 150 Вт равна 350 °C, а температура самовоспламенения этилена 540 °C, следовательно, нагретая колба не может быть источником зажигания этиленовоздушной смеси.",
175,"Тогда общее время существования взрывоопасного облака, занимающего 5% объема помещения и представляющего опасность при взрыве для целостности строительных конструкций и жизни людей, с учетом работы аварийной вентиляции будет равно.",
176,"Температура газа при сжатии в компрессоре и отсутствии его охлаждения ( ), К, вычисляют по формуле , (96) где - температура газа в начале сжатия, К; - давление газа в конце и начале сжатия, ; - показатель адиабаты (равен 1,67 и 1,4 соответственно для одно- и двухатомных газов).",
177,"Установлено, что искра диаметром 2 мм пожароопасна, если имеет температуру около 1000 °C, диаметром 3 мм - 800 °C, диаметром 5 мм - 600 °C.",
178,"Прямой удар молнии Опасность прямого удара молнии заключается в контакте горючей среды с каналом молнии, температура в котором достигает 30000 °C при силе тока 200000 А и времени действия около 100 мкс.",
179,"Размер капель при резке металла достигает 15 - 26 мм, скорость - , температура 1500 °C.",
180,"При соприкосновении человека с заземленным предметом возникают искры с энергией от 2,5 до 7,5 мДж.",
181,"При этом диаметр искры принимают 3 мм, а скорость полета искры ( ), , вычисляют по формуле , (94) где - скорость ветра, ; - высота трубы, м. 5.1.5.",
182,"Температура дуги при сварке и резке достигает 4000 °C, поэтому дуга является источником зажигания всех горючих веществ.",
183,"При высоте расположения провода 10 м вероятность попадания частиц на расстояние 9 м составляет 0,06, 7 м - 0,45 и 5 м - 0,92, при высоте расположения 3 м вероятность попадания частиц на расстояние 8 м составляет 0,01, 6 м - 0,29 и 4 м - 0,96, а при высоте 1 м вероятность разлета частиц на 6 м - 0,06, 5 м - 0,24, 4 м - 0,66 и 3 м - 0,99.",
184,Данные для расчета Отделение компрессии этилена расположено в одноэтажном производственном здании размерами в плане 20 x 12 м и высотой 10 м.,
185,"Диаметр трубопроводов с этиленом равен 150 мм, температура этилена достигает 130 °C.",
186,"Если рассчитывать свободный объем невозможно, допускается принимать его равным 80% геометрического объема.",
187,"Температура капель алюминия при коротком замыкании достигает 2500 °C, температура сварочных частиц и никелевых частиц ламп накаливания достигает 2100 °C.",
188,Размер капель металла при этом достигает 3 мм (при потолочной сварке - 4 мм).,
189,"Энергия искрового разряда превышает 250 мДж и достаточна для воспламенения горючих веществ с минимальной энергией зажигания до 0,25 Дж. 5.1.1.3.",
190,"Сначала рассчитывают значения критической продолжительности пожара ( ) по условию достижения каждым из ОФП предельно допустимых значений в зоне пребывания людей (рабочей зоне): по повышенной температуре , (25) по потере видимости , (26) по пониженному содержанию кислорода , (27) по каждому из газообразных токсичных продуктов горения , (28) где - размерный комплекс, зависящий от теплоты сгорания материала и свободного объема помещения, кг; - начальная температура воздуха в помещении, °C; - показатель степени, учитывающий изменение массы выгорающего материала во времени; - размерный параметр, учитывающий удельную массовую скорость выгорания горючего материала и площадь пожара, ; - безразмерный параметр, учитывающий неравномерность распределения ОФП по высоте помещения; - низшая теплота сгорания материала, ; - удельная изобарная теплоемкость газа, ; - коэффициент теплопотерь; - коэффициент полноты горения; - свободный объем помещения, м3; - коэффициент отражения предметов на путях эвакуации; - начальная освещенность, лк; - предельная дальность видимости в дыму, м; - дымообразующая способность горящего материала, ; - удельный выход токсичных газов при сгорании 1 кг материала, ; - предельно допустимое содержание токсичного газа в помещении, ( ; ; ); - удельный расход кислорода,.",
191,"Плотность людского потока ( ) на первом участке пути, м2/м2, вычисляют по формуле , (8) где - число людей на первом участке, чел.; - средняя площадь горизонтальной проекции человека, принимаемая равной, м2: взрослого в домашней одежде ...................... 0,1 взрослого в зимней одежде ........................ 0,125 подростка ........................................ 0,07; - ширина первого участка пути, м.",
192,"Площадь щели при разгерметизации фланцевого соединения трубопровода диаметром 150 мм и толщиной щели 0,5 мм равна.",
193,"Для отклонения компрессора при заклинивании всасывающего клапана имеется система контроля давления, которая отключает компрессор через 10 с после заклинивания клапана.",
194,"Ширина поэтажного коридора 1,5 м, расстояние от наиболее удаленного помещения этажа до выхода в лестничную клетку 40 м, через один выход эвакуируются 50 человек, ширина выхода 1,2 м.",
195,"Радиус резервуара РВС - 20000 R = 22,81 м.",
196,Время начала эвакуации принимаем равным 2 мин.,
197,При этом время блокирования эвакуационных путей на этаже пожара принимаем равным 1 мин в соответствии с требованиями строительных норм и правил проектирования зданий и сооружений.,
198,"Условие формулы (2) Приложения 2 выполняется, поэтому безопасность людей в здании на случай возникновения пожара обеспечена.",
199,"Таким образом, вероятность появления около резервуара какого-либо теплового источника в соответствии с Приложением 3 составит значение.",
200,"Данные для расчета Ацетон находится в аппарате с максимальным объемом заполнения , равным 0,07 м3, и в центре помещения над уровнем пола.",
201,К малоопасным относятся также негорючие вещества и материалы по п. 1.6 в горючей упаковке.,
202,"Следовательно, принимаем, что весь разлившийся ацетон, кг, за время аварийной ситуации, равное 3600 с, испарится в объем помещения, т.е..",
203,Свободный объем помещения равен 10000 м3.,
204,"Расчет Объем ацетона, м3, вышедшего из трубопроводов, составляет , где - время автоматического отключения насоса, равное 2 мин.",
205,Для сосудов объемом до 200 м3 различной формы с незначительными встроенными внутрь элементами значение фактора турбулизации не превышает . 4.3.,
206,"С ростом объема аппарата значение фактора турбулизации увеличивается, и для полых аппаратов объемом около 10 м3 в зависимости от степени негерметичности (отношение ) аппарата.",
207,"Приложение 8 МЕТОД ОПРЕДЕЛЕНИЯ БЕЗОПАСНОЙ ПЛОЩАДИ РАЗГЕРМЕТИЗАЦИИ ОБОРУДОВАНИЯ Настоящий метод предназначен для определения безопасной площади разгерметизации (такая площадь сбросного сечения предохранительного устройства, вскрытие которой в процессе сгорания смеси внутри оборудования, например аппарата, позволяет сохранить последний от разрушения или деформации) технологического оборудования, в котором обращаются, перерабатываются или получаются горючие газы, жидкости, способные создавать с воздухом или друг с другом взрывоопасные смеси, сгорающие ламинарно или турбулентно во фронтальном режиме.",
208,"Следовательно, при температуре в аппарате 80 °C (353 К) максимальное значение нормальной скорости распространения пламени в соответствии с формулой (163).",
209,Аппарат имеет рубашку обогрева (80 °C).,
210,"С увеличением степени негерметичности сосуда объемом около 10 м3 от 0,025 до 0,25 значение фактора турбулизации возрастает от 2,5 до 5.",
211,"Итак, безопасная площадь разгерметизации составляет в данном случае 0,175 м2, что равнозначно сбросному отверстию диаметром 0,47 м.",
212,"Реактор вместимостью 6 м3, в котором возможно образование изопропаноловоздушной стехиометрической смеси при давлении 0,2 МПа, содержит сложные вращающиеся детали.",
213,"При наличии орошения в трубопроводе и использовании приемной емкости, находящейся под разрежением, длина трубопровода (по результатам экспериментов - до 30 м) не оказывает заметного влияния на максимальное давление взрыва.",
214,"Увеличение давления разгерметизации до ~ 0,2 МПа (при начальном давлении технологической среды 0,1 МПа) также приводит к исчезновению эффекта интенсификации взрыва.",
215,"Полый технологический аппарат объемом 12 м3 рассчитан на максимальное избыточное давление 0,2 МПа (абсолютное давление 0,3 МПа) и предназначен для работы при атмосферном давлении с содержащей ацетон реакционной массой.",
216,"Так, увеличение с целью снизить давление взрыва площади разгерметизации в 10 раз в сосуде объемом порядка 10 м3 сопровождается увеличением фактора турбулизации в 2 раза.",
217,Ускорение пламени на специальных препятствиях достигает значений и более уже в сосудах объемом около 10 м3.,
218,"Влияние формы аппарата Для технологического оборудования с отношением длины к диаметру до 5:1 можно считать, что форма аппарата не влияет на значение фактора турбулизации, так как увеличение поверхности пламени из-за его вытягивания по форме аппарата компенсируется уменьшением поверхности в результате более раннего касания пламенем стенок сосуда. 4.4.",
219,"Влияние начальной герметизации аппарата Для полых аппаратов объемом до 200 м3 с начально открытыми сбросными сечениями, например люками, значение фактора турбулизации не превышает = 2, для аппаратов с начально закрытыми сбросными сечениями (мембраны, разгерметизаторы и т.д.) не превышает = 8. 4.5.",
220,"Длина напорного и обводящего трубопроводов диаметром 0,05 м равна соответственно 3 и 10 м.",
221,"Объем помещения составляет 10000 м3 (48 x 24 x 8,7).",
222,Площадь разлива ацетона принимаем равной 116 м2.,
223,"Приложение 7 Справочное ТРЕБОВАНИЯ ПОЖАРНОЙ БЕЗОПАСНОСТИ ПО СОВМЕСТНОМУ ХРАНЕНИЮ ВЕЩЕСТВ И МАТЕРИАЛОВ Требования предназначаются для всех предприятий, организаций и объектов независимо от их ведомственной подчиненности, имеющих склады или базы для хранения веществ и материалов.",
224,"В качестве критической температуры, в зависимости от вида изделия, условий его эксплуатации и возможных источников зажигания, может быть принята температура, составляющая 80% температуры воспламенения изоляционного (конструкционного) материала. 2.7.",
225,"Тогда время образования локального взрывоопасного облака, занимающего 5% объема цеха при работе вентиляции, будет равно.",
226,"Обследование показало, что за год наблюдалось 10 случаев заклинивания клапанов.",
227,"Статистические данные показывают, что за анализируемый период времени наблюдался один случай разрушения деталей поршневой группы, в результате чего в цилиндре компрессора в течение 2 мин наблюдалось искрение.",
228,"Зная, что скорость движения этих деталей составляет , а их масса равна 10 кг и более, найдем энергию соударения ( ), Дж, по формуле.",
229,"Известно, что фрикционные искры твердых сталей при энергиях соударения порядка 1000 Дж поджигают метановоздушные смеси с минимальной энергией зажигания 0,28 мДж.",
230,"Минимальная энергия зажигания этиленовоздушной смеси равна 0,12 мДж, а энергия соударения тел значительно превышает 1000 Дж, следовательно:.",
231,"Рассчитаем время образования взрывоопасной концентрации в локальном облаке, занимающем 5% объема цеха.",
232,"Эффект интенсификации горения в сосуде при сбросе газов через трубопровод исчезает при увеличении давления разгерметизации до 0,2 МПа при начальном давлении 0,1 МПа. 4.8.",
233,Влияние объема аппарата Для полых аппаратов объемом менее 1 м3 значение фактора турбулизации.,
234,"Влияние условий истечения Если истечение горючей смеси и продуктов сгорания осуществляется через сбросный трубопровод, расположенный за разгерметизирующим элементом и имеющий диаметр, приблизительно равный диаметру сбросного отверстия, то значение фактора турбулизации вне зависимости от объема сосуда (до 15 м3) принимают (для сосудов со степенью негерметичности около , когда оснащение сосудов сбросным трубопроводом оправдано по соображениям разумного соотношения характерных размеров сосуда и трубопровода) при условии.",
235,"Влияние степени негерметичности аппарата Увеличение степени негерметичности в 10 раз (от 0,025 до 0,25), что равнозначно увеличению площади разгерметизации в 10 раз для одного и того же аппарата, приводит к возрастанию фактора турбулизации в 2 раза (для аппаратов объемом около 10 м3 с до ). 4.6.",
236,"Записанное относительно критериальное соотношение (159) принимает вид , а следовательно, максимально допустимое начальное давление горючей смеси в сосуде , т.е. не должно превышать 0,6 МПа. (Введено дополнительно, Изм. N 1.).",
237,Коллективную защиту следует обеспечивать с помощью пожаробезопасных зон и других конструктивных решений.,
238,"Показателем оценки уровня обеспечения пожарной безопасности людей на объектах является вероятность предотвращения воздействия ( ) опасных факторов пожара (ОФП), перечень которых определяется настоящим стандартом. 1.2.",
239,"Средства индивидуальной защиты следует применять также для пожарных, участвующих в тушении пожара. 3.5.",
240,"Методики, содержащиеся в стандартах и других нормативно-технических документах и предназначенные для определения показателей пожарной опасности строительных конструкций, их облицовок и отделок, веществ, материалов и изделий (в т.ч. незавершенного производства), должны адекватно отражать реальные условия пожара. 1.9.",
241,Метод определения вероятности возникновения пожара от (в) электрических изделий приведен в Приложении 5 . 1.8.,
242,"Объекты, отнесенные к соответствующим категориям по пожарной опасности согласно нормам технологического проектирования для определения категорий помещений и зданий по пожарной и взрывопожарной опасности, должны иметь экономически эффективные системы пожарной безопасности.",
243,Метод определения вероятности возникновения пожара (взрыва) в пожароопасном объекте приведен в Приложении 3 . 1.4.,
244,Конкретные значения минимально возможной вероятности возникновения пожара определяются проектировщиками и технологами при паспортизации этих объектов в установленном порядке.,
245,"Объекты, пожары на которых могут привести к массовому поражению людей, находящихся на этих объектах, и окружающей территории опасными и вредными производственными факторами (по ГОСТ 12.0.003 ), а также опасными факторами пожара и их вторичными проявлениями, должны иметь системы пожарной безопасности, обеспечивающие минимально возможную вероятность возникновения пожара.",
246,"Порядок совместного хранения веществ и материалов осуществляют в соответствии с Приложением 7 ; устранением контакта с воздухом пирофорных веществ; уменьшением определяющего размера горючей среды ниже предельно допустимого по горючести; выполнением действующих строительных норм, правил и стандартов. 2.4.",
247,Перечень и требования к эффективности элементов конкретных систем пожарной безопасности должны устанавливаться нормативными и нормативно-техническими документами на соответствующие виды объектов.,
248,"Объекты должны иметь системы пожарной безопасности, направленные на предотвращение воздействия на людей опасных факторов пожара, в том числе их вторичных проявлений, на требуемом уровне.",
249,"Требуемый уровень обеспечения пожарной безопасности людей с помощью указанных систем должен быть не менее 0,999999 предотвращения воздействия опасных факторов в год в расчете на каждого человека, а допустимый уровень пожарной опасности для людей должен быть не более воздействия опасных факторов пожара, превышающих предельно допустимые значения, в год в расчете на каждого человека.",
250,Метод определения вероятности возникновения пожара (взрыва) в пожаровзрывоопасном объекте Приложение 4.,
251,"В зданиях и сооружениях необходимо предусмотреть технические средства (лестничные клетки, противопожарные стены, лифты, наружные пожарные лестницы, аварийные люки и т.п.), имеющие устойчивость при пожаре и огнестойкость конструкций не менее времени, необходимого для спасения людей при пожаре, и расчетного времени тушения пожара. 3.8.",
252,"Каждый объект должен иметь такое объемно-планировочное и техническое исполнение, чтобы эвакуация людей из него была завершена до наступления предельно допустимых значений опасных факторов пожара, а при нецелесообразности эвакуации была обеспечена защита людей в объекте.",
253,"Для обеспечения эвакуации необходимо: установить количество, размеры и соответствующее конструктивное исполнение эвакуационных путей и выходов; обеспечить возможность беспрепятственного движения людей по эвакуационным путям; организовать при необходимости управление движением людей по эвакуационным путям (световые указатели, звуковое и речевое оповещение и т.п.). 3.4.",
254,Средства коллективной и индивидуальной защиты должны обеспечивать безопасность людей в течение всего времени действия опасных факторов пожара.,
255,"Ограничение распространения пожара за пределы очага должно достигаться применением одного из следующих способов или их комбинацией: устройством противопожарных преград; установлением предельно допустимых по технико-экономическим расчетам площадей противопожарных отсеков и секций, а также этажности зданий и сооружений, но не более определенных нормами; устройством аварийного отключения и переключения установок и коммуникаций; применением средств, предотвращающих или ограничивающих разлив и растекание жидкостей при пожаре; применением огнепреграждающих устройств в оборудовании. 3.3.",
256,Метод экспериментального определения вероятности возникновения пожара в (от) электрических изделиях Приложение 6.,
257,"Системы пожарной безопасности должны характеризоваться уровнем обеспечения пожарной безопасности людей и материальных ценностей, а также экономическими критериями эффективности этих систем для материальных ценностей, с учетом всех стадий (научная разработка, проектирование, строительство, эксплуатация) жизненного цикла объектов, и выполнять одну из следующих задач: исключать возникновение пожара; обеспечивать пожарную безопасность людей; обеспечивать пожарную безопасность материальных ценностей; обеспечивать пожарную безопасность людей и материальных ценностей одновременно. 1.2.",
258,"Вычисляют продолжительность начальной стадии пожара по формулам: для помещений с объемом : , (147) для помещений с объемом : , (148) где - минимальная продолжительность начальной стадии пожара, с, определяют в соответствии с черт. 7 , 8 ; - средняя скорость потери массы пожарной нагрузки в начальной стадии пожара, , вычисляют по формуле , (149) где - скорость потери массы в начальной стадии пожара i -го материала пожарной нагрузки, . - средняя теплота сгорания пожарной нагрузки, , вычисляют по формуле , (150) - линейная скорость распространения пламени,.",
259,"Минимальную продолжительность начальной стадии пожара в помещении определяют в зависимости от объема помещения, высоты помещения и количества приведенной пожарной нагрузки ( черт. 7 , 8 ).",
260,"Значение предотвращенных потерь ( ), руб., определяют по формуле , (115) где , - экономические потери от одного пожара на охраняемом объекте соответственно до и после реализации мероприятий по обеспечению пожарной безопасности, руб.",
261,В этом случае в качестве следует учитывать ликвидационное сальдо. 2.,
262,"Метод определения площади пожара Настоящий метод предназначен для определения площади пожара, значение которой необходимо при расчете потерь от пожара на объекте.",
263,"Экономические потери ( и ) от пожара на объекте за год могут быть определены на основании статистических данных о пожарах и использовании расчетного метода ( разд. 1 , 2 , 3 ). 2.2.",
264,Экономический эффект затрат на обеспечение пожарной безопасности определяется по результатам эксплуатации за расчетный период.,
265,"При этом должны учитываться возможности закупки техники за рубежом, организации собственного производства на основе приобретения лицензий, организации совместного производства с зарубежными партнерами.",
266,Конечный год использования результатов мероприятия по обеспечению пожарной безопасности определяется разработчиком и согласовывается с основным заказчиком (потребителем).,
267,Конечный год расчетного периода определяется моментом завершения использования результатов осуществления мероприятия.,
268,"Экономический эффект определяется по всему циклу реализации мероприятия по обеспечению пожарной безопасности за расчетный период времени, включающий в себя время проведения научно-исследовательских и опытно-конструкторских работ, освоение и производство элементов систем и мероприятий по обеспечению пожарной безопасности, а также время использования результатов осуществления мероприятия на охраняемом объекте.",
269,"Затраты на обеспечение пожарной безопасности следует считать эффективными с социальной точки зрения, если они обеспечивают выполнение норматива по исключению воздействия на людей опасных факторов пожара, установленного настоящим стандартом ( разд. 1 и Приложение 2 ). 1.3.",
270,"В этом случае в качестве следует учитывать остаточную стоимость фондов; в) фонды, высвобожденные за ненадобностью в году , которые нигде более по своему назначению использованы быть не могут.",
271,"В этом случае в качестве следует учитывать остаточную стоимость фондов; б) фонды в конце расчетного периода, отслужившие лишь часть своего срока службы и эффективно функционирующие.",
272,"Расчеты экономического эффекта могут использоваться при определении цен на научно-техническую продукцию противопожарного назначения, а также для обоснования выбора мероприятий по обеспечению пожарной безопасности при формировании планов научно-исследовательских и опытно-конструкторских работ, экономического и социального развития объектов.",
273,По значениям относительной избыточной температуры и критерия определяют по графику (черт. 5) критерий Фурье.,
274,"Температура искр, образующихся при соударении металлов, способных вступать в химическое взаимодействие друг с другом с выделением значительного количества тепла, может превышать температуру плавления, и поэтому ее определяют экспериментально или расчетом.",
275,Более строгое определение конечной температуры капли может быть проведено при учете зависимости коэффициента теплоотдачи от температуры. 5.1.2.3.,
276,"Если отсутствует возможность определения коэффициента , то принимают.",
277,"Если , то конечную температуру капли определяют по формуле . (82) Если , то конечную температуру капли в твердом состоянии определяют по формуле , (83) где - удельная теплоемкость металла,.",
278,Время существования этой неисправности определяют как продолжительность периода между запланированным и фактическим сроками проверки. 3.1.5.,
279,Вероятность ( ) неисправности существующей системы защиты от вторичных воздействий молнии определяют на основании результатов ее обследования аналогично вероятности ( ) по формуле (42).,
280,Определение пожароопасных параметров тепловых источников интенсивности отказов элементов 5.1.,
281,"При необходимости учитывают и иные события, приводящие к появлению источника зажигания. 4.",
282,Значения токов и определяют экспериментально.,
283,"Вероятность ( ) появления в i -м элементе объекта искр короткого замыкания вычисляют только для действующих и строящихся элементов объектов по формуле , (55) где - вероятность возникновения короткого замыкания электропроводки в i -м элементе объекта в течение года; - вероятность того, что значение электрического тока в i -м элементе объекта лежит в диапазоне пожароопасных значений; - вероятность отсутствия или отказа аппаратов защиты от короткого замыкания в течение года, определяющаяся по п. 3.1.30 . 3.1.11.",
284,"Если данные для определения ( ) отсутствуют или их достаточность вызывает сомнение, то значение вероятности ( ) принимают равным 1. 3.2.2.",
285,"Вероятность ( ) того, что воспламеняющаяся способность появившегося в i -м элементе объекта n -го энергетического (теплового) источника достаточна для зажигания k -й горючей среды, находящейся в этом элементе, определяется экспериментально или сравнением параметров энергетического (теплового) источника с соответствующими показателями пожарной опасности горючей среды. 3.2.1.",
286,Численное значение затрат на мероприятия по обеспечению пожарной безопасности определяется на основе бухгалтерской отчетности объекта защиты. 1.2.,
287,"Эффективность затрат на обеспечение пожарной безопасности определяется как социальными (оценивает соответствие фактического положения установленному социальному нормативу), так и экономическими (оценивает достигаемый экономический результат) показателями.",
288,"Вероятность возникновения пожара (взрыва) в пожаровзрывоопасном объекте определяют на этапах его проектирования, строительства и эксплуатации. 1.2.",
289,Приложение 3 Обязательное МЕТОД ОПРЕДЕЛЕНИЯ ВЕРОЯТНОСТИ ВОЗНИКНОВЕНИЯ ПОЖАРА (ВЗРЫВА) В ПОЖАРОВЗРЫВООПАСНОМ ОБЪЕКТЕ Настоящий метод устанавливает порядок расчета вероятности возникновения пожара (взрыва) в объекте и изделии. 1.,
290,"Если это условие не выполняется, то расчет вероятности взаимодействия ОФП на людей следует производить по расчетным зависимостям, приведенным в разд. 2 . 3.2.",
291,"Из полученных в результате расчетов значений критической продолжительности пожара выбирается минимальное . (31) Необходимое время эвакуации людей ( ), мин, из рассматриваемого помещения рассчитывают по формуле . (32) При расположении людей на различных по высоте площадках необходимое время эвакуации следует определять для каждой площадки.",
292,"Следует иметь в виду, что наибольшей опасности при пожаре подвергаются люди, находящиеся на более высокой отметке.",
293,"На действующих и строящихся объектах вероятность ( ) реализации в i -м элементе объекта причины, приводящей к появлению k -го горючего вещества, вычисляют на основе статистических данных о времени существования этой причины по формуле , (42) где - коэффициент безопасности, определение которого изложено в разд. 4 ; - анализируемый период времени, мин; - количество реализаций причины в i -м элементе объекта за анализируемый период времени; - время существования причины появления k -го вида горючего вещества при j -й реализации в течение анализируемого периода времени, мин.",
294,"Вероятность возникновения пожара (взрыва) в проектируемых объектах определяют на основе показателей надежности элементов объекта, позволяющих рассчитывать вероятность производственного оборудования, систем контроля и управления, а также других устройств, составляющих объект, которые приводят к реализации различных пожаровзрывоопасных событий.",
295,Для расчета вероятности возникновения пожара (взрыва) на действующих или строящихся объектах необходимо располагать статистическими данными о времени существования различных пожаровзрывоопасных событий.,
296,"Определяется высота рабочей зоны , (30) где - высота площадки, на которой находятся люди, над полом помещения, м; - разность высот пола, равная нулю при горизонтальном его расположении, м.",
297,"Поэтому, например, при определении необходимого времени эвакуации людей из партера зрительного зала с наклонным полом значение следует находить, ориентируясь на наиболее высоко расположенные ряды кресел.",
298,"При наличии молниезащиты вероятность ( ) вычисляют по формуле , (52) где - коэффициент безопасности, определение которого изложено в разд. 4 ; - анализируемый период времени, мин; - время существования неисправности молниеотвода при j -й ее реализации в течение года, мин; - количество неисправных состояний молниезащиты; - вероятность безотказной работы молниезащиты ( при наличии молниезащиты типа А и при наличии молниезащиты типа Б).",
299,"Пожаровзрывоопасность любого объекта определяется пожаровзрывоопасностью его составных частей (технологических аппаратов, установок, помещений).",
300,При отсутствии сведений о параметрах надежности анализируемого оборудования (изделия) последние определяют расчетным путем на основе статистических данных об отказах этого оборудования (изделия). 2.7.,
301,"При необходимости учитывают и иные события, приводящие к образованию горючей среды. 3.",
302,"Вероятность ( ) вычисляют для всех элементов объекта по формуле , (60) где - коэффициент безопасности, определение которого изложено в разд. 4 ; - анализируемый период времени, мин; m - количество включений печи в течение анализируемого периода времени; - время работы печи i -го элемента объекта при j -м ее включении в течение анализируемого периода времени, мин. 3.1.25.",
303,"Вероятность ( ) принимают равной единице, если в соответствии с технологической необходимостью происходит нагрев горючих веществ до опасных температур, или нулю, если такой процесс не происходит.",
304,"Расчетное время эвакуации людей ( ) следует определять как сумму времени движения людского потока по отдельным участкам пути по формуле , (6) где - время движения людского потока на первом (начальном) участке, мин; , , ..., - время движения людского потока на каждом из следующих после первого участка пути, мин.",
305,"Начальными участками являются проходы между рабочими местами, оборудованием, рядами кресел и т.п. При определении расчетного времени длина и ширина каждого участка пути эвакуации принимаются по проекту.",
306,"Вероятность ( ) вычисляют по зависимости (5) где - время от начала пожара до блокирования эвакуационных путей в результате распространения на них ОФП, имеющих предельно допустимые для людей значения, мин; - расчетное время эвакуации людей, мин; - интервал времени от возникновения пожара до начала эвакуации людей, мин.",
307,"Вероятность предотвращения воздействия ОФП определяют для пожароопасной ситуации, при которой место возникновения пожара находится на первом этаже вблизи одного из эвакуационных выходов из здания (сооружения). 2.",
308,В этом случае время движения по участку определяется по формуле (10) . 2.5.,
309,Допускается время принимать равным необходимому времени эвакуации.,
310,"Если значение , определяемое по формуле (9) , меньше или равно значению , то время движения по участку пути ( ) в минуту ; (10) при этом значения следует принимать равными, м/мин: для горизонтальных путей ......................... 16,5 для дверных проемов .............................. 19,6 для лестницы вниз ................................ 16 для лестницы вверх ............................... 11.",
311,"Слияние людских потоков Если значение , определенное по формуле (12) , больше , то ширину данного участка пути следует увеличивать на такую величину, чтобы соблюдалось условие (11).",
312,"Критическая продолжительность пожара для людей, находящихся на этаже очага пожара, определяется из условия достижения одним из ОФП в поэтажном коридоре своего предельно допустимого значения.",
313,Необходимое время эвакуации рассчитывается как произведение критической для человека продолжительности пожара на коэффициент безопасности.,
314,"В качестве критерия опасности для людей, находящихся выше очага пожара, рассматривается условие достижения одним из ОФП предельно допустимого значения в лестничной клетке на уровне этажа пожара.",
315,"Значения температуры, концентраций токсичных компонентов продуктов горения и оптической плотности дыма в коридоре этажа пожара и в лестничной клетке определяются в результате решения системы уравнений теплогазообмена для помещений очага пожара, поэтажного коридора и лестничной клетки.",
316,"Нижний поток имеет границы и , перепад давления для этого потока определяется по формуле . (16) Поток в верхней части проема имеет границы и , перепад давления ( ) для него рассчитывается по формуле . (17) Знак расхода газов (входящий в помещение расход считается положительным, выходящий - отрицательным) и значение зависят от знака перепада давлений . (18) Уравнение баланса массы выражается зависимостью , (19) где - объем помещения, м3; - время, с; - скорость выгорания пожарной нагрузки, ; - сумма расходов, входящих в помещение, ; - сумма расходов, выходящих из помещения,.",
317,"Уравнения движения, связывающие значения перепадов давлений на проемах с расходами через проемы, имеют вид , (13) где - расход через проем, ; - коэффициент расхода проема ( для закрытых проемов и для открытых); - ширина проемов, м; , - нижняя и верхняя границы потока, м; - плотность газов, проходящих через проем, ; - средний в пределах , перепад полных давлений, Па.",
318,Оптическая плотность дыма при обычных условиях связана с расстоянием предельной видимости в дыму соотношением . (23) Значение времени начала эвакуации для зданий (сооружений) без систем оповещения вычисляют по результатам исследования поведения людей при пожарах в зданиях конкретного назначения.,
319,В этом случае вероятность ( ) вычисляют по зависимости (24) где - необходимое время эвакуации из зальных помещений.,
320,Безопасные вещества и материалы следует хранить в помещениях или на площадках любого типа (если это не противоречит техническим условиям на вещество). 1.6.,
321,"Фактор турбулизации - основной параметр, оказывающий определяющее влияние на величину безопасной площади разгерметизации.",
322,Определение нормальной скорости распространения пламени и термодинамических параметров 6.,
323,Метод определения безопасной площади разгерметизации оборудования 1.,
324,Метод определения уровня обеспечения пожарной безопасности людей Приложение 3.,
325,"Возможность совместного хранения веществ и материалов определяется на основании количественного учета показателей пожарной опасности, токсичности, химической активности, а также однородности средств пожаротушения. 1.2.",
326,"Ведомственные документы, регламентирующие пожарную безопасность при хранении веществ и материалов, должны быть приведены в соответствии с настоящими Требованиями. 1.",
327,"Требования не распространяются на взрывчатые и радиоактивные вещества и материалы, которые должны храниться и перевозиться по специальным правилам.",
328,"Нижний и верхний температурные пределы воспламенения нефти равны: ,.",
329,Определить вероятность воздействия ОФП на людей при пожаре в проектируемой 15-этажной гостинице при различных вариантах системы противопожарной защиты 3.1.,
330,"Нижний и верхний концентрационные пределы воспламенения нефтяных паров (по объему), (по объему).",
331,"Из условия задачи следует, что рабочая концентрация паров в резервуаре выше верхнего концентрационного предела воспламенения, т.е. в резервуаре при неподвижном слое нефти находится негорючая среда.",
332,Дополнительно определяем среднее квадратическое отклонение.,
333,"Вероятность ( ) вычисляем по формуле (156) Приложения 5 , где - безразмерный параметр, значение которого выбирается по табличным данным, в зависимости от безразмерного параметра в распределении Стьюдента.",
334,"Основные строительные конструкции здания железобетонные, и предельно допустимый прирост давления для них составляет 25 кПа.",
335,"Определить категорию производства, в котором находится участок обработки зерна и циклон для определения зерновой пыли в системе вентиляции 5.1.",
336,Вероятность возникновения характерного пожароопасного режима определяют статистически по данным испытательных лабораторий предприятий-изготовителей и эксплуатационных служб.,
337,"Он должен быть из числа наиболее опасных в пожарном отношении режимов, которые возникают в эксплуатации и, по возможности, имеют наибольшую вероятность.",
338,"Комплектующие изделия (резисторы, конденсаторы, транзисторы, трансформаторы, клеммные зажимы, реле и т.д.) допускаются к применению, если они отвечают требованиям пожарной безопасности соответствующих нормативно-технических документов и для них определены интенсивности пожароопасных отказов, необходимые для оценки вероятности возникновения пожара в конечном изделии. 1.4.",
339,"При использовании в качестве критерия положительного исхода опыта достижение горючим материалом критической температуры определяется из формулы , (156) где - безразмерный параметр, значение которого выбирается по табличным данным, в зависимости от безразмерного параметра в распределении Стьюдента. , (157) где - критическая температура нагрева горючего материала, К; - среднее арифметическое значение температур в испытаниях в наиболее нагретом месте изделия, К; - среднее квадратическое отклонение.",
340,"Допускается при определении заменять создание характерного пожароопасного режима на использование стандартизованного эквивалентного по тепловому воздействию источника зажигания, т.е. с эквивалентными параметрами, характеризующими воспламеняющую способность (мощность, площадь, периодичность и время воздействия).",
341,Нахождение минимальных пожароопасных значений производится в ходе выполнения экспериментальных исследований при определении . 2.6.,
342,"Вероятность положительного исхода опыта (воспламенения, появления дыма или достижения критической температуры) определяется после проведения лабораторных испытаний в условиях равенства ; , (155) где - число опытов с положительным исходом; - число опытов.",
343,Зажигание изделия возможно только в определенном диапазоне токов КЗ.,
344,"При наличии соответствующих справочных данных может быть определена через общую интенсивность отказов изделия с введением коэффициента, учитывающего долю пожароопасных отказов. 2.4.",
345,"Вероятность ( ) в общем виде рассчитывается по формуле , (152) где - вероятность загрубления защиты (устанавливается обследованием или принимается как среднестатистическое значение, имеющее место на объектах, где преимущественно используется изделие); - эксплуатационная интенсивность отказов аппаратов защиты, 1/ч; - рабочая (аппаратная) интенсивность отказов защиты (определяется по теории надежности технических систем), 1/ч; - интенсивность отказов загрубленной защиты, 1/ч; - текущее время работы, ч.",
346,"Характерный пожароопасный режим изделия определяется значением электротехнического параметра, при котором возможно появление признаков его загорания.",
347,Параметры и условия испытаний для конкретного изделия должны содержаться в нормативно-технической документации на изделие. 1.,
348,"Расчет Оценку уровня безопасности определяем для людей, находящихся на 15-м этаже гостиницы (наиболее удаленном от выхода в безопасную зону) при наличии систем ПДЗ и ОЛП.",
349,Определим число ударов молнии во взрывоопасную зону.,
350,"Определить категорию и класс взрывоопасной зоны помещения, в котором размещается технологический процесс с использованием ацетона 4.1.",
351,"Так как температура пламени газовой горелки и время ее действия значительно превышают температуру воспламенения и время, необходимое для зажигания этиленовоздушной смеси, получаем, что.",
352,"В тех случаях, когда время срабатывания разгерметизирующего устройства соизмеримо с временем горения смеси в сосуде, при определении безопасной площади разгерметизации необходимо учитывать динамику вскрытия сбросного отверстия. 4.9.",
353,"При проектировании систем сброса газообразных продуктов в случае взрыва газопаровых смесей внутри технологического оборудования необходимо принимать во внимание возможность интенсивного догорания эвакуируемой смеси в сбросном трубопроводе, являющегося причиной турбулизации горения внутри защищаемого объема.",
354,"Безопасную площадь разгерметизации технологического оборудования с газопаровыми смесями определяют по следующим безразмерным критериальным соотношениям: (158) для оборудования, рассчитанного на максимальное относительное давление взрыва (при одновременном выполнении условия : в знаменателе формулы (158) сомножитель ( ) отсутствует), и (159) для оборудования, выдерживающего давление взрыва в диапазоне относительных значений.",
355,"СУЩНОСТЬ МЕТОДА Безопасную площадь разгерметизации определяют по расчетным формулам на основе данных о параметрах технологического оборудования, условиях ведения процесса и показателях пожаровзрывоопасности веществ.",
356,"Формулы (158) и (159) могут быть использованы как для определения безопасной площади разгерметизации при проектировании оборудования по максимально допустимому относительному давлению взрыва в аппарате (прямая задача), так и для определения максимально допустимого начального давления горючей смеси в аппарате, рассчитанном на максимальное давление , с уже имеющимся сбросным люком площадью , например при анализе аварий (обратная задача). 2.3.",
357,Погрешность же в определении значения фактора турбулизации может составлять сотни процентов. 3.3.,
358,"Погрешность определения термодинамических параметров - , , , где - показатель адиабаты продуктов сгорания смеси, входящих в расчетные формулы (158) и (159) , составляет проценты, погрешность определения коэффициента расхода , молекулярной массы горючей смеси и нормальной скорости распространения пламени составляет десятки процентов.",
359,Опасные вещества и материалы необходимо хранить в складах I и II степени огнестойкости. 1.9.,
360,Вещества и материалы должны находиться в разных отсеках склада (т.е. должны быть разделены противопожарной перегородкой 1-го типа) или на разных площадках. 4.,
361,Вещества и материалы должны находиться в разных складах или на разных площадках.,
362,Особоопасные вещества и материалы необходимо хранить в складах I и II степени огнестойкости преимущественно в отдельно стоящих зданиях. 2.,
363,Вещества и материалы должны находиться в разных складах или на разных площадках.,
364,Вещества и материалы должны находиться в разных отсеках склада (т.е. должны быть разделены противопожарной перегородкой 1-го типа) или на разных площадках. 4.,
365,Вещества и материалы должны находиться в разных отсеках склада (т.е. должны быть разделены противопожарной перегородкой 1-го типа) или на разных площадках. 4.,
366,Вещества и материалы должны находиться в разных складах или на разных площадках. * Особоопасные вещества и материалы. 2.4.,
367,"В одном помещении склада запрещается хранить вещества и материалы, имеющие неоднородные средства пожаротушения.",
368,Влияние препятствий и турбулизаторов Вопрос о влиянии различных препятствий на пути распространения пламени и турбулентности в смеси перед фронтом пламени является одним из определяющих в выборе значения фактора турбулизации.,
369,Сказанное необходимо учитывать при значениях фактора турбулизации . 5.,
370,"Молекулярную массу смеси идеальных газов определяют по формуле , (164) где и - соответственно молекулярная масса и молярная доля j -го компонента смеси.",
371,"Значение коэффициента расширения по определению , где и - соответственно температура и молекулярная масса продуктов сгорания горючей смеси при начальных давлении и температуре.",
372,"Входящее в критериальные соотношения (158) и (159) в составе комплекса значение нормальной скорости распространения пламени при давлении и температуре, соответствующих началу развития взрыва, может быть определено экспериментально на аттестованном оборудовании или взято из научно-технической литературы, прошедшей оценку достоверности приведенных в ней данных.",
373,"Стехиометрическую концентрацию горючего в воздухе средней влажности определяли по известной формуле , (166) где - стехиометрический коэффициент, равный количеству молекул кислорода, необходимых для сгорания молекулы горючего.",
374,"Наиболее перспективным является экспериментально-расчетный метод оптимизации, позволяющий определять нормальную скорость в бомбе постоянного объема в широком диапазоне температур и давлений.",
375,ОПРЕДЕЛЕНИЕ НОРМАЛЬНОЙ СКОРОСТИ РАСПРОСТРАНЕНИЯ ПЛАМЕНИ И ТЕРМОДИНАМИЧЕСКИХ ПАРАМЕТРОВ 5.1.,
376,"Наиболее правильным методом определения значения фактора турбулизации при наличии внутри аппарата сложных препятствий и турбулизованной смеси можно считать метод, основанный на сравнении расчетной и экспериментальной динамики (зависимость давление - время) взрыва.",
377,"Термодинамические параметры , , определяют путем термодинамического расчета, например на компьютерах, по известным методикам.",
378,"Коэффициент расхода Коэффициент расхода является эмпирическим коэффициентом, учитывающим влияние реальных условий истечения на величину расхода газа, определенную по известным теоретическим модельным соотношениям.",
379,"Для сосудов со встроенными и подвижными элементами, влияние которых на значение фактора турбулизации не может быть в настоящее время оценено, например с использованием литературных данных или экспертным методом, выбор фактора турбулизации должен быть ограничен снизу значением . 4.10.",
380,"Выражение для комплекса подобия в соответствии с формулой (160) и определенными значениями и может быть записано в виде , где измеряют в м2.",
381,Необходимо определить безопасную площадь разгерметизации.,
382,"Численные значения необходимых для расчетов вероятности возникновения пожара (взрыва) показателей надежности различных технологических аппаратов, систем управления, контроля, связи и тому подобных, используемых при проектировании объекта, или исходные данные для их расчета выбирают в соответствии с ГОСТ 2.106 , ГОСТ 2.118 , ГОСТ 2.119 , ГОСТ 2.120 , ГОСТ 15.001 <*> , из нормативно-технической документации, стандартов и паспортов на элементы объекта.",
383,Необходимые сведения могут быть получены в результате сбора и обработки статистических данных об отказах анализируемых элементов в условиях эксплуатации. -------------------------------- <*> В Российской Федерации действует ГОСТ Р 15.201-2000.,
